RowNumber,TotalCount,SComplaintId,ComplaintType,ComplaintOn,Complaintcode,Location,TStationName,TSType,Remarks,RegistrationDate,RegistrationType,FLat,FLng,FAddress,CLat,CLng,CAddress,ModeOfReporting,PredefinedSLADuration,Status,IsClosed,CreatedBy,ClosedBy,CRemarks,ClosedOn,TotalTimeTaken,FolderName,WardName,ZoneName,CircleName,ComplaintName,ComplaintContactNumber,citizen_email,FImgUrl,CImgUrl
1,253,4261,QR Code is not working,04-06-2024 12:34:00 PM,COMP/0000000073,HYD,Waheed Nagar,SCTP,garbage bin is broken,2024-06-04,Letter,22.7,5.7,,,,,APP,24,CLOSED,True,,,,04-06-2024 12:34:00 PM,0:00,,Sangam Park,Keshava Puram Zone,C-Cluster 2,helloworld,8888888888,hi@gmail.com,,
2,253,4260,QR Code is not working,04-06-2024 11:44:00 AM,COMP/0000000072,delhi,Waheed Nagar,SCTP,complaint ,2024-06-04,Call,22.7,5.7,,,,,APP,24,CLOSED,True,,,,04-06-2024 11:44:00 AM,0:00,,Naharpur,Rohini Zone,R-Cluster 2,resl,6666666666,resl@re.com,,
3,253,4259,QR Code is not working,04-06-2024 11:38:00 AM,COMP/0000000071,delhi,Waheed Nagar,SCTP,complaint,2024-06-04,Call,22.7,5.7,,,,,APP,24,CLOSED,True,,,,04-06-2024 11:38:00 AM,0:00,,Rani Bagh,Rohini Zone,R-Cluster 4,resustainability,9989990066,resus@re.com,,
4,253,4258,QR Code is not working,04-06-2024 11:25:00 AM,COMP/0000000070,sdfghj123,Waheed Nagar,SCTP,sdfghj,2024-06-04,Call,22.7,5.7,,,,,APP,24,CLOSED,True,,,,04-06-2024 11:25:00 AM,0:00,,Saraswati Vihar,Rohini Zone,R-Cluster 4,dharmendra,9494092686,,,
5,253,4257,QR Code is not working,04-06-2024 11:19:00 AM,COMP/0000000069,zxcvbnm,Waheed Nagar,SCTP,asdfghj,2024-06-04,Letter,22.7,5.7,,,,,APP,24,CLOSED,True,,,,04-06-2024 11:19:00 AM,0:00,D:\\LOCAL-Test\\project-hyd\\HYDSWM\\HYDSWM\\wwwroot\\ViewJs\\Complaint\\uploads\\download.png,Sangam Park,Keshava Puram Zone,C-Cluster 2,Godavari,7777777777,some@gmail.com,,
6,253,4256,QR Code is not working,04-06-2024 11:01:00 AM,COMP/0000000068,jhgfds1234,Waheed Nagar,SCTP,asdfgh,2024-06-04,Call,22.7,5.7,,,,,APP,24,CLOSED,True,,,,04-06-2024 11:01:00 AM,0:00,D:\\LOCAL-Test\\project-hyd\\HYDSWM\\HYDSWM\\wwwroot\\ViewJs\\Complaint\\uploads\\download8.jpg,Nimrai Colony,Civil Lines Zone,C-Cluster 5,Godavari,2222222222,yamuna@gmail.com,,
7,253,4255,QR Code is not working,04-06-2024 02:23:00 PM,COMP/0000000067,zxcvbnm1234578911,Waheed Nagar,SCTP,zxcvbnm,,2024-06-04,Letter,22.7,5.7,,,,,APP,24,CLOSED,True,,,,04-06-2024 02:23:00 PM,0:00,uploads/,Vijay Vihar,Rohini Zone,R-Cluster 1,manu,5555555555,resl@gmail.com,,
8,253,4254,QR Code is not working,04-06-2024 10:49:00 AM,COMP/0000000066,hgfdsa1,Waheed Nagar,SCTP,asdfg,2024-06-04,Call,22.7,5.7,,,,,APP,24,CLOSED,True,,,,04-06-2024 10:49:00 AM,0:00,uploads/,Naharpur,Rohini Zone,R-Cluster 2,Yamuna,9999999999,yamuna@gmail.com,,
9,253,4253,QR Code is not working,03-06-2024 10:47:00 PM,COMP/0000000065,jhgfds,Waheed Nagar,SCTP,qsdfgh,2024-06-03,Letter,22.7,5.7,,,,,APP,24,CLOSED,True,,,,03-06-2024 10:47:00 PM,0:00,uploads/,Naharpur,Rohini Zone,R-Cluster 2,Ramky,6666666666,ramky@re.com,,
10,253,4252,QR Code is not working,03-06-2024 10:36:46 PM,COMP/0000000064,jhgfds,Waheed Nagar,SCTP,12345,2024-06-03,Call,22.7,5.7,,,,,WEB,24,OPEN,False,,,,,84:34,D:\LOCAL-Test\project-hyd\HYDSWM\HYDSWM\wwwroot\ViewJs\Complaint\uploads\download.png,Naharpur,Rohini Zone,R-Cluster 2,re,3333333333,resl@gmail.com,,
11,253,4251,QR Code is not working,03-06-2024 10:25:50 PM,COMP/0000000063,ccbnn,Waheed Nagar,SCTP,12345,2024-06-03,Letter,22.7,5.7,,,,,WEB,24,OPEN,False,,,,,84:45,D:\LOCAL-Test\project-hyd\HYDSWM\HYDSWM\wwwroot\ViewJs\Complaint\uploads\download3.jpg,Naharpur,Rohini Zone,R-Cluster 2,re,3333333333,resl@gmail.com,,
12,253,4250,QR Code is not working,03-06-2024 10:21:34 PM,COMP/0000000062,jnhbgfds,Waheed Nagar,SCTP,sdfgh,2024-06-03,Letter,22.7,5.7,,,,,WEB,24,OPEN,False,,,,,84:49,D:\LOCAL-Test\project-hyd\HYDSWM\HYDSWM\wwwroot\ViewJs\Complaint\uploads\download3.jpg,Vijay Vihar,Rohini Zone,R-Cluster 1,Godavari,2222222222,uma@gmail.com,,
13,253,4249,QR Code is not working,03-06-2024 09:38:12 PM,COMP/0000000061,kjhgfdsa,Waheed Nagar,SCTP,sdfghj,2024-06-03,Call,22.7,5.7,,,,,WEB,24,OPEN,False,,,,,85:32,C:/Users/uma.maheswar/Desktop/LOCAL-Test/project-hyd/HYDSWM/HYDSWM/wwwroot/ViewJs/Complaint/uploads\download2.jpg,Naharpur,Rohini Zone,R-Cluster 2,Ganga,8919872820,yamuna@gmail.com,,
14,253,4248,QR Code is not working,03-06-2024 09:36:52 PM,COMP/0000000060,jhgfds,Waheed Nagar,SCTP,asdfghj,2024-06-03,Call,22.7,5.7,,,,,WEB,24,OPEN,False,,,,,85:34,,Dheer Pur,Civil Lines Zone,C-Cluster 3,Godavari,9999999999,some@gmail.com,,
15,253,4247,QR Code is not working,03-06-2024 09:25:32 PM,COMP/0000000059,asdfghjk,Waheed Nagar,SCTP,jhgfdsa,2024-06-03,Call,22.7,5.7,,,,,WEB,24,OPEN,False,,,,,85:45,C:/Users/uma.maheswar/Desktop/LOCAL-Test/project-hyd/HYDSWM/HYDSWM/wwwroot/ViewJs/Complaint/uploads\download1.jpg,Pritampur North,Rohini Zone,R-Cluster 4,Ramky,3333333333,ramky@resus.com,,
16,253,4246,QR Code is not working,03-06-2024 08:10:56 PM,COMP/0000000058,asdfghj,Waheed Nagar,SCTP,123456,2024-06-03,Call,22.7,5.7,,,,,WEB,24,OPEN,False,,,,,87:00,C:\Users\uma.maheswar\Desktop\LOCAL-Test\project-hyd\HYDSWM\HYDSWM\wwwroot\ViewJs\Complaint\uploads\download.png,Saraswati Vihar,Rohini Zone,R-Cluster 4,dharmendra,9999999999,yamuna@gmail.com,,
17,253,4243,QR Code is not working,03-06-2024 07:01:00 PM,COMP/0000000057,lkjhg,Waheed Nagar,SCTP,sxdcfghj,2024-06-03,Letter,22.7,5.7,,,,,APP,24,CLOSED,True,,,,03-06-2024 07:01:00 PM,0:00,uploads/,Naharpur,Rohini Zone,R-Cluster 2,RESL,9999999999,reee@resus.com,,
18,253,4242,QR Code is not working,03-06-2024 07:17:00 PM,COMP/0000000056,address,Waheed Nagar,SCTP,description,2024-06-03,Call,22.7,5.7,,,,,APP,24,CLOSED,True,,,,03-06-2024 07:17:00 PM,0:00,uploads/,Pritampur North,Rohini Zone,R-Cluster 4,dharmendra,9494092686,,,
19,253,4241,QR Code is not working,03-06-2024 07:17:00 PM,COMP/0000000055,fadfsa,Waheed Nagar,SCTP,dfdsas,2024-06-03,Call,22.7,5.7,,,,,APP,24,OPEN,False,,,,,87:53,uploads/,Shalimarbagh South,Rohini Zone,R-Cluster 4,Someonewww,9494092686,,,
20,253,4240,QR Code is not working,03-06-2024 12:33:00 PM,COMP/0000000054,xcvbnm,,Waheed Nagar,SCTP,xcvbnm,.,2024-06-03,Call,22.7,5.7,,,,,APP,24,CLOSED,True,,,,03-06-2024 12:33:00 PM,0:00,uploads/,Nimrai Colony,Civil Lines Zone,C-Cluster 5,reee,7777777777,reee@resus.com,,
21,253,4239,QR Code is not working,03-06-2024 12:34:00 PM,COMP/0000000053,zxcvbnjmk,.,Waheed Nagar,SCTP,zsdfghjkl.,2024-06-03,Letter,22.7,5.7,,,,,APP,24,CLOSED,True,,,,03-06-2024 12:34:00 PM,0:00,uploads/,Saraswati Vihar,Rohini Zone,R-Cluster 4,Someone3,9999999999,some3@gmail.com,,
22,253,4234,QR Code is not working,03-06-2024 11:52:00 AM,COMP/0000000052,sdbsfb,Waheed Nagar,SCTP,sdvbdfb,2024-06-03,Call,22.7,5.7,,,,,APP,24,OPEN,False,,,,,95:18,uploads/,Shalimarbagh South,Rohini Zone,R-Cluster 4,Godavari,2222222222,some@gmail.com,,
23,253,4233,QR Code is not working,03-06-2024 11:37:00 AM,COMP/0000000051,sxdcfvgbnm,,Waheed Nagar,SCTP,sdfgbhnjmk,l.,2024-06-03,Letter,22.7,5.7,,,,,APP,24,OPEN,False,,,,,95:33,uploads/,Kalampur,Civil Lines Zone,C-Cluster 2,manu,5555555555,manu@resustainability.com,,
24,253,4232,QR Code is not working,03-06-2024 10:08:00 AM,COMP/0000000050,qwsdfv,Waheed Nagar,SCTP,asdcfv,2024-06-03,Select,22.7,5.7,,,,,APP,24,CLOSED,True,,,,03-06-2024 10:08:00 AM,0:00,uploads/,Wazirpur,Keshava Puram Zone,C-Cluster 5,resl1,3333333333,resl@gmail.com,,
25,253,4231,QR Code is not working,03-06-2024 11:49:00 AM,COMP/0000000049,sdfghjk,Waheed Nagar,SCTP,asdfghjkl,2024-06-01,Call,22.7,5.7,,,,,APP,24,CLOSED,True,,,,03-06-2024 11:49:00 AM,0:00,uploads/,Shakarpur,Keshava Puram Zone,R-Cluster 4,resl,3333333333,resl@gmail.com,,
26,253,4230,QR Code is not working,01-06-2024 04:02:00 PM,COMP/0000000048,456,Waheed Nagar,SCTP,123,2024-06-12,Letter,22.7,5.7,,,,,APP,24,CLOSED,True,,,,01-06-2024 04:02:00 PM,0:00,uploads/,Pritampur North,Rohini Zone,R-Cluster 4,RESL,2222222222,resl@gmail.com,,
27,253,4229,QR Code is not working,03-06-2024 11:35:00 AM,COMP/0000000047,hjfyuj,Waheed Nagar,SCTP,hgcdfhtzg,2024-06-01,Call,22.7,5.7,,,,,APP,24,CLOSED,True,,,,03-06-2024 11:35:00 AM,0:00,uploads/,Kohat Enclave,Civil Lines Zone,C-Cluster 5,RESL,2222222222,resl@gmail.com,,
28,253,4228,QR Code is not working,31-05-2024 05:25:00 PM,COMP/0000000046,jgjgk,Waheed Nagar,SCTP,jgjjj,2024-05-31,Letter,22.7,5.7,,,,,APP,24,CLOSED,True,,,,31-05-2024 05:25:00 PM,0:00,uploads/,Tri Nagar,Keshava Puram Zone,C-Cluster 5,Someone,9494092686,,,
29,253,4227,QR Code is not working,01-06-2024 03:08:00 PM,COMP/0000000045,svasaefw,Waheed Nagar,SCTP,ewfwef,2024-05-20,Call,22.7,5.7,,,,,APP,24,CLOSED,True,,,,01-06-2024 03:08:00 PM,0:00,uploads/,Burari,Civil Lines Zone,C-Cluster 3,Someone,8919872820,uma@gmail.com,,
30,253,4226,QR Code is not working,03-06-2024 11:22:00 AM,COMP/0000000044,sefwrgr,Waheed Nagar,SCTP,wsegwe,2024-05-13,Letter,22.7,5.7,,,,,APP,24,CLOSED,True,,,,03-06-2024 11:22:00 AM,0:00,uploads/,Rohini North,Rohini Zone,R-Cluster 1,Yamuna,2222222222,yamuna@gmail.com,,
31,253,4225,QR Code is not working,03-06-2024 11:24:00 AM,COMP/0000000043,Panjagutta,Waheed Nagar,SCTP,Hello123,2024-05-15,Letter,22.7,5.7,,,,,APP,24,OPEN,False,,,,,95:46,uploads/,Shalimarbagh North,Rohini Zone,R-Cluster 4,Someone,8919872820,some@gmail.com,,
32,253,4224,QR Code is not working,31-05-2024 04:27:00 PM,COMP/0000000042,Hyderabad,Waheed Nagar,SCTP,Hij Hello,2024-05-29,Letter,22.7,5.7,,,,,APP,24,CLOSED,True,,,,31-05-2024 04:27:00 PM,0:00,uploads/,Shalimarbagh North,Rohini Zone,R-Cluster 4,Uma Maheswara,9494092686,uma@gmail.com,,
33,253,4223,QR Code is not working,31-05-2024 03:20:00 PM,COMP/0000000041,sfhj,Waheed Nagar,SCTP,hjfe,2024-05-07,Call,22.7,5.7,,,,,APP,24,CLOSED,True,,,,31-05-2024 03:20:00 PM,0:00,uploads/,Wazirpur,Keshava Puram Zone,C-Cluster 5,SOMEONE,9932199321,umamaheswara2016@gmail.com,,
34,253,4222,QR Code is not working,24-05-2024 05:13:00 PM,COMP/0000000040,dbdfbdrb,Waheed Nagar,SCTP,drhdrfbd,2024-05-12,Letter,22.7,5.7,,,,,APP,24,CLOSED,True,,,,24-05-2024 05:13:00 PM,0:00,uploads/,Kalampur,Civil Lines Zone,C-Cluster 2,harsha761,4444444444,umamaheswara2016@gmail.com,,
35,253,4221,QR Code is not working,24-05-2024 02:17:00 PM,COMP/0000000039,delhi,Waheed Nagar,SCTP,broken bin,2024-05-24,Letter,22.7,5.7,,,,,APP,24,CLOSED,True,,,,24-05-2024 02:17:00 PM,0:00,uploads/,Kadipur,Civil Lines Zone,C-Cluster 3,hasini,4444444444,hasini@gmail.com,,
36,253,4220,QR Code is not working,24-05-2024 12:16:00 PM,COMP/0000000038,delhi,Waheed Nagar,SCTP,asdfghjkl,2024-05-24,Letter,22.7,5.7,,,,,APP,24,CLOSED,True,,,,24-05-2024 12:16:00 PM,0:00,uploads/,41-42,Rohini Zone,Paschim Vihar,hasini,9911991199,hasini123@gmail.com,,
37,253,4219,QR Code is not working,24-05-2024 12:10:00 PM,COMP/0000000037,sgdfs,Waheed Nagar,SCTP,24235,2024-05-15,Call,22.7,5.7,,,,,APP,24,CLOSED,True,,,,24-05-2024 12:10:00 PM,0:00,uploads/,Kalampur,Civil Lines Zone,C-Cluster 2,harsha34510,2222222222,umamaheswara2016@gmail.com,,
38,253,4218,QR Code is not working,24-05-2024 12:09:00 PM,COMP/0000000036,sdbdsfnf,Waheed Nagar,SCTP,asedfhgjh,2024-05-21,Letter,22.7,5.7,,,,,APP,24,CLOSED,True,,,,24-05-2024 12:09:00 PM,0:00,uploads/,Shalimarbagh South,Rohini Zone,R-Cluster 4,harsha,2222222222,umamaheswara2016@gmail.com,,
39,253,4216,QR Code is not working,24-05-2024 12:03:00 PM,COMP/0000000035,fgndfgn,Waheed Nagar,SCTP,removal of garbage,2024-05-27,Call,22.7,5.7,,,,,APP,24,CLOSED,True,,,,01-01-1900 12:00:00 AM,-1090428:-3,uploads/,Sangam Park,Keshava Puram Zone,C-Cluster 2,SOMEONE,9932199321,umamaheswara2016@gmail.com,,
40,253,4215,QR Code is not working,24-05-2024 02:00:00 PM,COMP/0000000034,fgns,Waheed Nagar,SCTP,sdnsn,2024-05-08,Letter,22.7,5.7,,,,,APP,24,CLOSED,True,,,,24-05-2024 02:00:00 PM,0:00,uploads/,Kohat Enclave,Civil Lines Zone,C-Cluster 5,SOMEONE,2222222222,umamaheswara2016@gmail.com,,
41,253,4214,QR Code is not working,24-05-2024 11:48:00 AM,COMP/0000000033,sdfghj,Waheed Nagar,SCTP,removal of garbage,2024-05-19,Letter,22.7,5.7,,,,,APP,24,CLOSED,True,,,,24-05-2024 11:47:37 AM,0:-1,uploads/,Burari,Civil Lines Zone,C-Cluster 3,harsha345,9932199321,umamaheswara2016@gmail.com,,
42,253,4209,QR Code is not working,24-05-2024 11:08:00 AM,COMP/0000000032,sdxfbgnhg,Waheed Nagar,SCTP,removal of garbage,2024-05-24,Letter,22.7,5.7,,,,,APP,24,CLOSED,True,,,,24-05-2024 10:02:37 AM,-1:-6,uploads/,Mangolpuri East,Rohini Zone,R-Cluster 3,harsha,2222222222,umamaheswara2016@gmail.com,,
43,253,4208,QR Code is not working,24-05-2024 11:10:00 AM,COMP/0000000031,adgdj,Waheed Nagar,SCTP,removal of garbage,2024-05-27,Call,22.7,5.7,,,,,APP,24,CLOSED,True,,,,24-05-2024 10:01:38 AM,-1:-9,uploads/,Kalampur,Civil Lines Zone,C-Cluster 2,asabca,9932199321,umamaheswara2016@gmail.com,,
44,253,4207,QR Code is not working,24-05-2024 11:48:00 AM,COMP/0000000030,fbxfgnfx,Waheed Nagar,SCTP,mnhgfdf,2024-05-14,Letter,22.7,5.7,,,,,APP,24,CLOSED,True,,,,24-05-2024 09:38:51 AM,-2:10,uploads/,Saraswati Vihar,Rohini Zone,R-Cluster 4,uma amahwh,9932199321,umamaheswara2016@gmail.com,,
45,253,4206,QR Code is not working,24-05-2024 12:11:00 PM,COMP/0000000029,sdfghj,Waheed Nagar,SCTP,ewgrhern,2024-05-01,Call,22.7,5.7,,,,,APP,24,CLOSED,True,,,,24-05-2024 12:11:00 PM,0:00,uploads/,Kalampur,Civil Lines Zone,C-Cluster 2,harsha345,2222222222,umamaheswara2016@gmail.com,,
46,253,4205,QR Code is not working,24-05-2024 02:10:00 PM,COMP/0000000028,zdxfbfn,Waheed Nagar,SCTP,adsfgh,2024-05-13,Letter,22.7,5.7,,,,,APP,24,CLOSED,True,,,,24-05-2024 02:10:00 PM,0:00,uploads/,Burari,Civil Lines Zone,C-Cluster 3,harsha345,9494924567,umamaheswara2016@gmail.com,,
47,253,4204,QR Code is not working,31-05-2024 03:19:00 PM,COMP/0000000027,ertyh,Waheed Nagar,SCTP,hfds,2024-05-20,Letter,22.7,5.7,,,,,APP,24,CLOSED,True,,,,31-05-2024 03:19:00 PM,0:00,uploads/,Shalimarbagh North,Rohini Zone,R-Cluster 4,SOMEONE,9494924567,umamaheswara2016@gmail.com,,
48,253,4203,QR Code is not working,31-05-2024 04:19:00 PM,COMP/0000000026,dsfbn,Waheed Nagar,SCTP,fnbzdf,2024-05-01,Call,22.7,5.7,,,,,APP,24,CLOSED,True,,,,31-05-2024 04:19:00 PM,0:00,uploads/,Kalampur,Civil Lines Zone,C-Cluster 2,SOMEONE,9494924567,umamaheswara2016@gmail.com,,
49,253,4202,QR Code is not working,23-05-2024 03:00:00 PM,COMP/0000000025,dgng,Waheed Nagar,SCTP,ndfgn45678,2024-05-06,Letter,22.7,5.7,,,,dgng12356,APP,24,CLOSED,True,,,,23-05-2024 02:48:31 PM,0:12,uploads/,Wazirpur,Keshava Puram Zone,C-Cluster 5,harsha,9494924567,,,
50,253,4201,QR Code is not working,23-05-2024 02:46:00 PM,COMP/0000000024,sdfghj,Waheed Nagar,SCTP,jhgfd123,2024-05-15,Letter,22.7,5.7,,,,sdfghj342,APP,24,CLOSED,True,,,,23-05-2024 01:39:21 PM,-1:-7,uploads/,Rohini North,Rohini Zone,R-Cluster 1,uma mahesh,8919872820,,,
51,253,4200,QR Code is not working,23-05-2024 01:30:00 PM,COMP/0000000023,ghmc,delhi,Waheed Nagar,SCTP,removal of garbage,2024-05-23,Call,22.7,5.7,,,,ghmc,delhi,APP,24,CLOSED,True,,,,23-05-2024 11:40:26 AM,-1:50,uploads/,41-42,Rohini Zone,Paschim Vihar,rakesh,9932199321,,,
52,253,4199,QR Code is not working,23-05-2024 01:21:00 PM,COMP/0000000022,asdvewv,Waheed Nagar,SCTP,aefwefq,2024-05-22,Call,22.7,5.7,,,,asdvewv,APP,24,CLOSED,True,,,,23-05-2024 11:34:38 AM,-1:47,uploads/,Wazirpur,Keshava Puram Zone,C-Cluster 5,SOMEONE,9494924567,,,
53,253,4198,QR Code is not working,22-05-2024 12:43:00 PM,COMP/0000000021,asfgsdnhsd,Waheed Nagar,SCTP,zsgdshnfd123,2024-05-22,Call,22.7,5.7,,,,sdfghj,APP,24,CLOSED,True,,,,22-05-2024 12:33:14 PM,0:10,uploads/,Shalimarbagh North,Rohini Zone,R-Cluster 4,uma amahwh,9494924567,,,
54,253,4194,QR Code is not working,21-05-2024 09:57:00 AM,COMP/0000000020,asdfghj,Waheed Nagar,SCTP,asdfghjasdf,2024-05-21,Call,22.7,5.7,,,,wserty,APP,24,CLOSED,True,,,,21-05-2024 09:46:08 AM,0:11,uploads/,Kapra,Kukatpally,Kapra,harsha,2222222222,,,
55,253,4193,QR Code is not working,21-05-2024 09:36:00 AM,COMP/0000000019,gfdsdfg,Waheed Nagar,SCTP,fhdngdfg123,2024-05-15,Call,22.7,5.7,,,,ASDFGH,APP,24,CLOSED,True,,,,21-05-2024 09:14:01 AM,0:22,uploads/,Borabanda,Bharath Nagar,Yousufguda,uma amahwh,9494924567,,,
56,253,4192,QR Code is not working,22-05-2024 11:45:00 AM,COMP/0000000018,sdfgh,Waheed Nagar,SCTP,sdfdhd,2024-05-18,Letter,22.7,5.7,,,,wasegdf,APP,24,CLOSED,True,,,,20-05-2024 10:29:04 PM,-37:16,uploads/,Rahamath Nagar,LBnagar,Yousufguda,uma mahesh,8919872820,,,
57,253,4191,QR Code is not working,23-05-2024 01:28:00 PM,COMP/0000000017,sdfgh,Waheed Nagar,SCTP,dfbsrf,2024-05-18,Call,22.7,5.7,,,,sdfgh,APP,24,CLOSED,True,,,,20-05-2024 10:26:08 PM,-63:-2,uploads/,Rahamath Nagar,LBnagar,Yousufguda,uma mahesh,8919872820,,,
58,253,4190,QR Code is not working,23-05-2024 01:33:00 PM,COMP/0000000016,awfseg,Waheed Nagar,SCTP,awfqg,2024-05-18,,22.7,5.7,,,,awfseg,APP,24,CLOSED,True,,,,20-05-2024 12:29:27 PM,-73:-4,uploads/,Rahamath Nagar,LBnagar,Yousufguda,EfWESVASD,9494092686,,,
59,253,4189,QR Code is not working,23-05-2024 01:37:00 PM,COMP/0000000015,djhvsye,Waheed Nagar,SCTP,efweagvw,2024-05-18,,22.7,5.7,,,,djhvsye,APP,24,CLOSED,True,,,,20-05-2024 12:25:05 PM,-73:12,uploads/,Rahamath Nagar,LBnagar,Yousufguda,jhsdbcuscgaus,COMP/0000000136,,,
60,253,4188,QR Code is not working,20-05-2024 09:21:00 AM,COMP/0000000014,hsdhc,Waheed Nagar,SCTP,wefwrv,,,22.7,5.7,,,,huiuihi,APP,24,CLOSED,True,,,,20-05-2024 09:16:28 AM,0:-5,uploads/,Kondapur,sefsvsswfsdg,Serilingampally,karna,9440031114,,,
61,253,4187,QR Code is not working,20-05-2024 09:05:00 AM,COMP/0000000013,sgrdthr,Waheed Nagar,SCTP,esdgsdrgsq123,,,22.7,5.7,,,,2345,APP,24,CLOSED,True,,,,20-05-2024 09:04:13 AM,0:-1,uploads/,Gachibowli,tertweyzw,Serilingampally,sdxgbsdxbx,COMP/0000000136,,,
62,253,4186,QR Code is not working,20-05-2024 07:26:00 AM,COMP/0000000012,fghjk,Waheed Nagar,SCTP,asssdfgh,,,22.7,5.7,,,,dfghh,APP,24,CLOSED,True,,,,20-05-2024 07:03:32 AM,0:23,uploads/,Borabanda,Bharath Nagar,Yousufguda,harsha765,9494092686,,,
63,253,4185,QR Code is not working,20-05-2024 06:47:00 AM,COMP/0000000011,zxghj,Waheed Nagar,SCTP,3,,,22.7,5.7,,,,sdfghjkl,APP,24,CLOSED,True,,,,20-05-2024 06:46:29 AM,0:-1,uploads/,Borabanda,Bharath Nagar,Yousufguda,harsha578,939494399393,,,
64,253,4184,QR Code is not working,19-05-2024 10:11:00 PM,COMP/0000000010,sxmhfgfteghe,Waheed Nagar,SCTP,2,,,22.7,5.7,,,,xcvbhnm,APP,24,CLOSED,True,,,,19-05-2024 09:55:57 PM,0:16,uploads/,Gachibowli,tertweyzw,Serilingampally,dfbdnfgxnffn,anoce,,,
65,253,4183,QR Code is not working,19-05-2024 10:00:00 PM,COMP/0000000009,sfdghjk,Waheed Nagar,SCTP,2,,,22.7,5.7,,,,fdghjkl;,APP,24,CLOSED,True,,,,19-05-2024 09:47:20 PM,0:13,uploads/,Madhapur,Bharath Nagar,Chandanagar,dfdrtd,9494092686,,,
66,253,4182,QR Code is not working,19-05-2024 09:23:00 PM,COMP/0000000008,sdgseddg,Waheed Nagar,SCTP,3,,,22.7,5.7,,,,ghtyuy,APP,24,CLOSED,True,,,,19-05-2024 09:23:00 PM,0:00,uploads/,Nagole,w4efgawes,Hayathnagar,sdxgbsdxbx,COMP/00000001367,,,
67,253,4181,QR Code is not working,19-05-2024 09:25:00 PM,COMP/0000000007,rtgearg,Waheed Nagar,SCTP,2,,,22.7,5.7,,,,gfhjhg,APP,24,CLOSED,True,,,,19-05-2024 09:22:13 PM,0:-3,uploads/,Serilingampally,sefsvsswfsdg,Serilingampally,Shanmukha123,9494092686,,,
68,253,4180,QR Code is not working,19-05-2024 09:21:00 PM,COMP/0000000006,rdtfyguhi,Waheed Nagar,SCTP,3,,,22.7,5.7,,,,sdfghjk,APP,24,CLOSED,True,,,,19-05-2024 08:56:13 PM,0:25,uploads/,Miyapur,LBnagar,Chandanagar,Uma Maheswara123,34,,,
69,253,4179,QR Code is not working,19-05-2024 08:07:00 PM,COMP/0000000005,dgserge,Waheed Nagar,SCTP,2,,,22.7,5.7,,,,esdytui,APP,24,CLOSED,True,,,,19-05-2024 07:15:26 PM,0:52,uploads/,Borabanda,Bharath Nagar,Yousufguda,EfWESVASD123,123,,,
70,253,4178,QR Code is not working,19-05-2024 09:32:00 PM,COMP/0000000004,juhrfuieshrferwg,Waheed Nagar,SCTP,3,,,22.7,5.7,,,,hbsid,APP,24,CLOSED,True,,,,19-05-2024 06:39:03 PM,-2:53,uploads/,Kondapur,sefsvsswfsdg,Serilingampally,harsha765,93499494994,,,
71,253,4177,QR Code is not working,19-05-2024 10:12:00 PM,COMP/0000000003,zdvdsvseefhrgw,Waheed Nagar,SCTP,3,,,22.7,5.7,,,,ghj,APP,24,CLOSED,True,,,,19-05-2024 06:27:05 PM,-3:45,uploads/,Nagole,LBnagar,Hayathnagar,Uma Maheswara345,9394940939,,,
72,253,4176,QR Code is not working,23-05-2024 01:43:00 PM,COMP/0000000002,chztrdt,Waheed Nagar,SCTP,hgdresdy322,,,22.7,5.7,,,,chztrdt123,APP,24,CLOSED,True,,,,19-05-2024 10:01:08 AM,-99:42,uploads/,Kondapur,sefsvsswfsdg,Serilingampally,harsha678,9494092686,,,
73,253,4175,QR Code is not working,23-05-2024 02:45:00 PM,COMP/0000000001,fghj,Waheed Nagar,SCTP,jhgv456,,,22.7,5.7,,,,fghj123,APP,24,CLOSED,True,,,,18-05-2024 07:51:10 PM,-114:54,uploads/,Serilingampally,sefsvsswfsdg,Serilingampally,harsha798,34,,,
74,253,4174,QR Code is not working,31-05-2024 04:21:00 PM,COMP/0000000001,xcvbjkl,Waheed Nagar,SCTP,kjhgf,,,22.7,5.7,,,,,APP,24,OPEN,False,,,,,162:49,uploads/,Ramachandra Puram,L B Nagar,R.C Puram,Shanmukha Priya,COMP/0000000135,,,
75,253,4173,QR Code is not working,18-05-2024 07:48:06 PM,COMP/0000000001,vb gf dfg,Waheed Nagar,SCTP,fgbdsfvfds,,,22.7,5.7,,,,,APP,24,OPEN,False,,,,,471:22,uploads/,Kondapur,sefsvsswfsdg,Serilingampally,EfWESVASD,COMP/0000000133,,,
76,253,4172,QR Code is not working,18-05-2024 07:14:15 PM,COMP/0000000001,ewfreae,Waheed Nagar,SCTP,sdvrssd,,,22.7,5.7,,,,,APP,24,OPEN,False,,,,,471:56,uploads/,Rahamath Nagar,LBnagar,Yousufguda,harsha456,8765432123,,,
77,253,4171,QR Code is not working,18-05-2024 07:11:25 PM,COMP/0000000001,fghhgfgdf,Waheed Nagar,SCTP,dfn fgng,,,22.7,5.7,,,,,APP,24,OPEN,False,,,,,471:59,uploads/,Borabanda,Bharath Nagar,Yousufguda,harsha678,7675645324,,,
78,253,4170,QR Code is not working,18-05-2024 07:04:16 PM,COMP/0000000001,ghchtyl,Waheed Nagar,SCTP,hjertku,,,22.7,5.7,,,,,APP,24,OPEN,False,,,,,472:06,uploads/,Gachibowli,tertweyzw,Serilingampally,harsha321,23345325567,,,
79,253,4169,QR Code is not working,18-05-2024 06:56:26 PM,COMP/0000000001,jdgd,Waheed Nagar,SCTP,csxsxc,,,22.7,5.7,,,,,APP,24,OPEN,False,,,,,472:14,uploads/,Kondapur,sefsvsswfsdg,Serilingampally,nshdhnesw,wuqwuiwquie,,,
80,253,4168,QR Code is not working,18-05-2024 06:55:36 PM,COMP/0000000001,dsvsdfvsd,Waheed Nagar,SCTP,sdf sdf s,,,22.7,5.7,,,,,APP,24,OPEN,False,,,,,472:15,uploads/,Kapra,LBnagar,,EfWESVASD,COMP/00000001367,,,
81,253,4167,QR Code is not working,18-05-2024 06:25:21 PM,COMP/0000000001,hjxasdhu,Waheed Nagar,SCTP,sdcesdQ,,,22.7,5.7,,,,,APP,24,OPEN,False,,,,,472:45,uploads/,Rahamath Nagar,LBnagar,Yousufguda,harsha123,8919872980,,,
82,253,4166,QR Code is not working,18-05-2024 05:36:32 PM,COMP/0000000001,hsdbuasd,Waheed Nagar,SCTP,ascwaefs,,,22.7,5.7,,,,,APP,24,OPEN,False,,,,,473:34,uploads/,,,29,dfbdnfgxnffn,COMP/0000000001,,,
83,253,4165,QR Code is not working,17-05-2024 06:41:36 PM,COMP/0000000001,jshdcysd,Waheed Nagar,SCTP,aewef,,,22.7,5.7,,,,,APP,24,OPEN,False,,,,,496:29,uploads/,,,16,sdvakrvoiawe,994949494994,,,
84,253,4164,QR Code is not working,17-05-2024 06:01:50 PM,COMP/0000000001,terdhdf,Waheed Nagar,SCTP,yghfgnd,,,22.7,5.7,,,,,APP,24,OPEN,False,,,,,497:09,uploads/,,,3,SDDHCBSDC,COMP/0000000001,,,
85,253,4163,QR Code is not working,21-05-2024 09:35:00 AM,COMP/0000000001,sefgsdgvszd,Waheed Nagar,SCTP,sdgvsdv,,,22.7,5.7,,,,qwedfghj,APP,24,CLOSED,True,,,,17-05-2024 05:24:02 PM,-88:11,uploads/,,,13,Karna,ghrtc,,,
86,253,4162,QR Code is not working,17-05-2024 05:23:06 PM,COMP/0000000001,drxdver,Waheed Nagar,SCTP,azrsdser,,,22.7,5.7,,,,,APP,24,OPEN,False,,,,,497:47,uploads/,,,3,rgcbdfgbdgb,gsdfb sfb,,,
87,253,4161,QR Code is not working,17-05-2024 05:21:59 PM,COMP/0000000001,Rayadurgam,Waheed Nagar,SCTP,fgndfrtntetf,,,22.7,5.7,,,,,APP,24,OPEN,False,,,,,497:49,uploads/,,,2,Uma Maheswara,ghrtc,,,
88,253,4160,QR Code is not working,17-05-2024 05:13:59 PM,COMP/0000000001,Hyderabad,Waheed Nagar,SCTP,egaerbw,,,22.7,5.7,,,,,APP,24,OPEN,False,,,,,497:57,uploads/,,,3,EfWESVASD,COMP/0000000136,,,
89,253,4159,QR Code is not working,17-05-2024 10:52:26 AM,COMP/0000000001,qdwfwe,Waheed Nagar,SCTP,sev sfva,,,22.7,5.7,,,,,APP,24,OPEN,False,,,,,504:18,uploads/,,,5,Kurkure123,2234567,,,
90,253,4158,QR Code is not working,17-05-2024 10:03:18 AM,COMP/0000000001,asdfg,Waheed Nagar,SCTP,asdfvg,,,22.7,5.7,,,,,APP,24,OPEN,False,,,,,505:07,uploads/,,,4,kurkure,123456,,,
91,253,4157,QR Code is not working,17-05-2024 10:02:08 AM,COMP/0000000001,Ameerpet,Waheed Nagar,SCTP,Panjagutta,,,22.7,5.7,,,,,APP,24,OPEN,False,,,,,505:08,uploads/,,,6,Shanmukha Priya,9494092686,,,
92,253,4156,QR Code is not working,17-05-2024 09:59:52 AM,COMP/0000000001,adasfas,Waheed Nagar,SCTP,wdqawf,,,22.7,5.7,,,,,APP,24,OPEN,False,,,,,505:11,uploads/,,,6,SDDHCBSDC,9494092686,,,
93,253,4155,QR Code is not working,17-05-2024 09:58:33 AM,COMP/0000000001,awfef,Waheed Nagar,SCTP,qwfwgef,,,22.7,5.7,,,,,APP,24,OPEN,False,,,,,505:12,uploads/,,,3,asAWa,waWfwfaa,,,
94,253,4154,QR Code is not working,17-05-2024 08:57:59 AM,COMP/0000000001,Hyderabad,Waheed Nagar,SCTP,Hello everyone,,,22.7,5.7,,,,,APP,24,OPEN,False,,,,,506:13,uploads/,,,8,Uma Maheswara,9440031114,,,
95,253,4153,QR Code is not working,16-05-2024 08:24:22 PM,COMP/0000000001,Tadipatri,Waheed Nagar,SCTP,I am in Tadipatri,,,22.7,5.7,,,,,APP,24,OPEN,False,,,,,518:46,uploads/,,,5,Karna,8919872820,,,
96,253,4152,QR Code is not working,16-05-2024 07:36:47 PM,COMP/0000000001,Hyderabad,Waheed Nagar,SCTP,I am priya,,,22.7,5.7,,,,,APP,24,OPEN,False,,,,,519:34,uploads/,,,12,Shanmukha Priya,9494092686,,,
97,253,4151,QR Code is not working,16-05-2024 06:43:11 PM,COMP/0000000001,Anantapur,Waheed Nagar,SCTP,I am in Anantapur,,,22.7,5.7,,,,,APP,24,OPEN,False,,,,,520:27,uploads/,,,,,,,,
98,253,4150,QR Code is not working,16-05-2024 10:10:00 AM,COMP/0000000001,ksdhhe,Waheed Nagar,SCTP,esfweg,,,22.7,5.7,,,,,APP,24,CLOSED,True,,,,16-05-2024 09:52:49 AM,0:18,uploads/,,,,,,,,
99,253,4149,QR Code is not working,16-05-2024 09:39:10 AM,COMP/0000000001,hyderabad,Waheed Nagar,SCTP,panjagutta,,,22.7,5.7,,,,,APP,24,OPEN,False,,,,,529:31,uploads/,,,,,,,,
100,253,4148,QR Code is not working,16-05-2024 09:37:45 AM,COMP/0000000001,dfbdf,Waheed Nagar,SCTP,dfgsrdfgd,,,22.7,5.7,,,,,APP,24,OPEN,False,,,,,529:33,uploads/,,,,,,,,
101,253,4147,QR Code is not working,16-05-2024 09:31:00 AM,COMP/0000000001,dfrgse,Waheed Nagar,SCTP,ersaer,,,22.7,5.7,,,,,APP,24,OPEN,False,,,,,529:39,uploads/,,,,,,,,
102,253,4146,QR Code is not working,16-05-2024 09:30:36 AM,COMP/0000000001,sdcwsev,Waheed Nagar,SCTP,dcsd,,,22.7,5.7,,,,,APP,24,OPEN,False,,,,,529:40,uploads/,,,,,,,,
103,253,4145,QR Code is not working,16-05-2024 09:29:58 AM,COMP/0000000001,sevdgf,Waheed Nagar,SCTP,dfbeds,,,22.7,5.7,,,,,APP,24,OPEN,False,,,,,529:41,uploads/,,,,,,,,
104,253,4144,QR Code is not working,15-05-2024 09:19:00 PM,COMP/0000000001,Anantapur1,Waheed Nagar,SCTP,TAdipatri1,,,22.7,5.7,,,,,APP,24,CLOSED,True,,,,15-05-2024 07:58:24 PM,-1:21,uploads/,,,,,,,,
105,253,4143,QR Code is not working,15-05-2024 09:14:00 PM,COMP/0000000001,sacavsf2,Waheed Nagar,SCTP,sdzfasedx2,,,22.7,5.7,,,,,APP,24,CLOSED,True,,,,15-05-2024 07:44:10 PM,-1:30,uploads/,,,,,,,,
106,253,4142,QR Code is not working,15-05-2024 09:17:00 PM,COMP/0000000001,sdvdfbdx3,Waheed Nagar,SCTP,sdfsewef3,,,22.7,5.7,,,,,APP,24,CLOSED,True,,,,15-05-2024 07:35:50 PM,-1:42,uploads/,,,,,,,,
107,253,4141,QR Code is not working,15-05-2024 07:34:52 PM,COMP/0000000001,aasdfaerh,Waheed Nagar,SCTP,sdfgbsdf,,,22.7,5.7,,,,,APP,24,OPEN,False,,,,,543:36,uploads/,,,,,,,,
108,253,4140,QR Code is not working,15-05-2024 07:05:23 PM,COMP/0000000001,jsdbvised,Waheed Nagar,SCTP,,,,22.7,5.7,,,,,APP,24,OPEN,False,,,,,544:05,uploads/,,,,,,,,
109,253,4139,QR Code is not working,15-05-2024 05:54:00 PM,COMP/0000000001,ANANTAPUR,Waheed Nagar,SCTP,,,,22.7,5.7,,,,,APP,24,CLOSED,True,,,,15-05-2024 03:44:25 PM,-2:10,uploads/,,,,,,,,
110,253,4138,QR Code is not working,15-05-2024 06:06:00 PM,COMP/0000000001,TADIPATRI,Waheed Nagar,SCTP,,,,22.7,5.7,,,,,APP,24,CLOSED,True,,,,15-05-2024 03:43:48 PM,-2:23,uploads/,,,,,,,,
111,253,4137,QR Code is not working,15-05-2024 03:35:00 PM,COMP/0000000001,F98V 48F, Bhagyanagar Colony, Madhapur, Hyderabad, Telangana 500072, India,Waheed Nagar,SCTP,,,,22.7,5.7,,,,,APP,24,OPEN,False,,,,,547:35,uploads/,,,,,,,,
112,253,4136,QR Code is not working,15-05-2024 01:57:14 PM,COMP/0000000001,d gfbrs,Waheed Nagar,SCTP,,,,22.7,5.7,,,,,APP,24,OPEN,False,,,,,549:13,uploads/,,,,,,,,
113,253,4135,QR Code is not working,15-05-2024 09:18:00 PM,COMP/0000000001,sdbsdb12,Waheed Nagar,SCTP,dvdfbadf12,,,22.7,5.7,,,,,APP,24,CLOSED,True,,,,15-05-2024 01:54:57 PM,-7:24,uploads/,,,,,,,,
114,253,4134,QR Code is not working,15-05-2024 01:12:31 PM,COMP/0000000001,sdvevwev,Waheed Nagar,SCTP,,,,22.7,5.7,,,,,APP,24,OPEN,False,,,,,549:58,uploads/,,,,,,,,
115,253,4133,QR Code is not working,15-05-2024 11:41:07 AM,COMP/0000000001,sdvad,Waheed Nagar,SCTP,,,,22.7,5.7,,,,,APP,24,OPEN,False,,,,,551:29,uploads/,,,,,,,,
116,253,4132,QR Code is not working,15-05-2024 11:33:15 AM,COMP/0000000001,Jiyaguda Transfer Station (Circle 13, Khairtabad Zone, Dariya Bagh, Ziaguda Kamela, Hyderabad, Telangana 500264, India,Waheed Nagar,SCTP,,,,22.7,5.7,,,,,APP,24,OPEN,False,,,,,551:37,uploads/,,,,,,,,
117,253,4131,QR Code is not working,15-05-2024 11:30:19 AM,COMP/0000000001,Jiyaguda Transfer Station (Circle 13, Khairtabad Zone, Dariya Bagh, Ziaguda Kamela, Hyderabad, Telangana 500264, India,Waheed Nagar,SCTP,,,,22.7,5.7,,,,,APP,24,OPEN,False,,,,,551:40,uploads/,,,,,,,,
118,253,4130,QR Code is not working,15-05-2024 05:50:00 PM,COMP/0000000001,kjsdbsbd,Waheed Nagar,SCTP,,,,22.7,5.7,,,,,APP,24,CLOSED,True,,,,15-05-2024 09:34:15 AM,-8:16,uploads/,,,,,,,,
119,253,4129,QR Code is not working,15-05-2024 05:54:00 PM,COMP/0000000001,ANANTAPUR,Waheed Nagar,SCTP,,,,22.7,5.7,,,,,APP,24,CLOSED,True,,,,14-05-2024 01:22:02 PM,-28:32,uploads/,,,,,,,,
120,253,4128,QR Code is not working,14-05-2024 01:21:01 PM,COMP/0000000001,sefwer,Waheed Nagar,SCTP,,,,22.7,5.7,,,,,APP,24,OPEN,False,,,,,573:49,uploads/,,,,,,,,
121,253,4127,Container SCTP Change,15-05-2024 06:05:00 PM,COMP/0000000001,F98V 48F, Bhagyanagar Colony, ,Waheed Nagar,SCTP,,,,22.7,5.7,,,,,APP,24,CLOSED,True,,12180159_HariN,,05-12-2023 03:57:51 AM,-3902:-8,uploads/,,,,,,,,
122,253,4126,QR Code is not working,31-07-2023 01:56:20 AM,COMP/0000000001,5-95/90/1, Dammaiguda Rd, P S Rao Nagar, Dammaiguda, Secunderabad, Telangana 500083, India,Nagole,TS,TS08UH9484,,,17.50323388,78.59921443,,,,,APP,24,OPEN,False,12180021_KhadharSK,,,,7497:14,/content/SComplaint/,,,,,,,https://appapi.himsw.in//content/SComplaint/380880585.jpeg,
123,253,4125,Container SCTP Change,24-02-2023 07:14:45 PM,COMP/0000000001,C7FG+4QM, Mir Shikar Chak, Bihar 851211, India,Mir Alam Tank,SCTP,TS08UH8897,,,25.423272833333332,86.27662995,,25.423272833333332,86.27662995,Bangalore,APP,24,CLOSED,True,81215117_Srikanth,admin@gmail.com,File upload test,28-02-2023 12:41:31 PM,89:27,/content/SComplaint/,,,,,,,https://appapi.himsw.in//content/SComplaint/885344328.jpg,https://appapi.himsw.in//content/SComplaint/891741410.exe
124,253,4124,QR Code is not working,16-10-2022 08:03:49 AM,COMP/0000000001,Jiyaguda Transfer Station (Circle 13, Khairtabad Zone, Dariya Bagh, Ziaguda Kamela, Hyderabad, Telangana 500264, India,Ziyaguda,TS,Tsc 25 container is not assigned ,,,17.366312420926988,78.4446485247463,,17.366312420926988,78.4446485247463,Test,APP,24,CLOSED,True,81215028_Ayyaswamulu,admin@gmail.com,File upload test,14-03-2023 01:10:02 PM,3581:07,/content/SComplaint/,,,,,,,https://appapi.himsw.in//content/SComplaint/229280391.jpeg,https://appapi.himsw.in//content/SComplaint/202225792.exe
125,253,4123,Container SCTP Change,15-05-2024 06:17:00 PM,COMP/0000000001,Anantapur,Waheed Nagar,SCTP,,,,22.7,5.7,,,,,APP,24,CLOSED,True,,81215028_Ayyaswamulu,,14-10-2022 12:32:22 PM,-13901:45,uploads/,,,,,,,,
126,253,4122,QR Code is not working,15-05-2024 06:20:00 PM,COMP/0000000001,13-4-561/30/1, Dariya Bagh, Zi,Waheed Nagar,SCTP,,,,22.7,5.7,,,,,APP,24,CLOSED,True,,81215028_Ayyaswamulu,,12-10-2022 08:11:23 AM,-13954:-9,uploads/,,,,,,,,
127,253,4121,QR Code is not working,15-05-2024 06:24:00 PM,COMP/0000000001,Jiyaguda Transfer Station (Cir,Waheed Nagar,SCTP,,,,22.7,5.7,,,,,APP,24,CLOSED,True,,81215028_Ayyaswamulu,,29-09-2022 01:48:53 PM,-14260:36,uploads/,,,,,,,,
128,253,4120,QR Code is not working,28-09-2022 12:09:40 PM,COMP/0000000001,Jiyaguda Transfer Station (Circle 13, Khairtabad Zone, Dariya Bagh, Ziaguda Kamela, Hyderabad, Telangana 500264, India,Ziyaguda,TS,TSC-67 and TSC-15 THIS CONTAINER IS NOT ASSIGNED ,,,17.366362125612795,78.44476872123778,,17.366362125612795,78.44476872123778,Anatapur,APP,24,CLOSED,True,81215028_Ayyaswamulu,admin@gmail.com,No remarks,10-11-2022 12:29:32 PM,1032:20,/content/SComplaint/,,,,,,,https://appapi.himsw.in//content/SComplaint/780649136.jpeg,https://appapi.himsw.in//content/SComplaint/172190748.exe
129,253,4119,Container SCTP Change,25-09-2022 10:18:18 AM,COMP/0000000001,C998+VP8, Khajaguda, Telangana 500032, India,Khajaguda,SCTP,Container Exchange one Tyre is punture,,,17.4191660201177,78.36713595315814,,17.4191660201177,78.36713595315814,Aanatapur123,APP,24,CLOSED,True,12180006_SasidharK,admin@gmail.com,no remarks 123,10-11-2022 12:40:00 PM,1106:22,/content/SComplaint/,,,,,,,https://appapi.himsw.in//content/SComplaint/898500684.jpeg,https://appapi.himsw.in//content/SComplaint/800682497.exe
130,253,4118,QR Code is not working,15-05-2024 06:47:00 PM,COMP/0000000001,2J, Dariya Bagh, Ziaguda Kamel,Waheed Nagar,SCTP,,,,22.7,5.7,,,,,APP,24,CLOSED,True,,81215028_Ayyaswamulu,,25-09-2022 09:59:26 AM,-14360:48,uploads/,,,,,,,,
131,253,4117,QR Code is not working,25-09-2022 09:58:30 AM,COMP/0000000001,Jiyaguda Transfer Station (Circle 13, Khairtabad Zone, Dariya Bagh, Ziaguda Kamela, Hyderabad, Telangana 500264, India,Ziyaguda,TS,TSC-24 THIS CONTAINER IS NOT ARRIVEL 1,,,17.366343182511628,78.44463125802577,,,,,APP,24,OPEN,False,81215028_Ayyaswamulu,,,,14905:12,/content/SComplaint/,,,,,,,https://appapi.himsw.in//content/SComplaint/710585529.jpeg,
132,253,4116,QR Code Damaged,26-08-2022 09:00:59 AM,COMP/0000000001,Pipe Line Road, Beerappa Nagar, Jagathgiri Gutta, Hyderabad, Telangana 500054, India,Jagairgutta,SCTP,Damage of gate and rash  drive  in dump,,,17.502742102369666,78.43289801850915,,17.502742102369666,78.43289801850915,Hyderbad,APP,24,CLOSED,True,12150151_MaheshU,admin@gmail.com,no remarks,16-11-2022 12:50:51 PM,1971:50,/content/SComplaint/,,,,,,,https://appapi.himsw.in//content/SComplaint/259833421.jpg,https://appapi.himsw.in//content/SComplaint/851150887.exe
133,253,4115,QR Code Damaged,19-08-2022 11:13:39 AM,COMP/0000000001,GC2J+XFX, Beerappa Nagar Cross Rd, Beerappa Nagar, Jagathgiri Gutta, Hyderabad, Telangana 500054, India,Jagairgutta,SCTP,Damage to gate,,,17.502829944714904,78.43274295330048,,17.502829944714904,78.43274295330048,Hyderabad,APP,24,CLOSED,True,12150151_MaheshU,admin@gmail.com,no remarks,09-11-2022 04:40:45 PM,1973:27,/content/SComplaint/,,,,,,,https://appapi.himsw.in//content/SComplaint/419111735.jpeg,https://appapi.himsw.in//content/SComplaint/845994198.exe
134,253,4114,QR Code is not working,27-07-2022 03:52:54 AM,COMP/0000000001,2J, Dariya Bagh, Ziaguda Kamela, Hyderabad, Telangana 500264, India,Ziyaguda,TS,This container is not linked ,,,17.366786249913275,78.44440477900207,,,,,APP,24,OPEN,False,81215028_Ayyaswamulu,,,,16351:18,/content/SComplaint/,,,,,,,https://appapi.himsw.in//content/SComplaint/774182469.jpeg,
135,253,4113,QR Code is not working,27-07-2022 03:51:15 AM,COMP/0000000001,2J, Dariya Bagh, Ziaguda Kamela, Hyderabad, Telangana 500264, India,Ziyaguda,TS,This container is  not linked ,,,17.366609978489578,78.44441391527653,,,,,APP,24,OPEN,False,81215028_Ayyaswamulu,,,,16351:19,/content/SComplaint/,,,,,,,https://appapi.himsw.in//content/SComplaint/675031110.jpeg,
136,253,4112,QR Code is not working,27-07-2022 03:03:26 AM,COMP/0000000001,2J, Dariya Bagh, Ziaguda Kamela, Hyderabad, Telangana 500264, India,Ziyaguda,TS,This container is  not linked ,,,17.36669149249792,78.4442634601146,,,,,APP,24,OPEN,False,81215028_Ayyaswamulu,,,,16352:07,/content/SComplaint/,,,,,,,https://appapi.himsw.in//content/SComplaint/806031277.jpeg,
137,253,4111,QR Code Damaged,21-07-2022 11:15:20 AM,COMP/0000000001,GC2J+XFX, Beerappa Nagar Cross Rd, Beerappa Nagar, Jagathgiri Gutta, Hyderabad, Telangana 500054, India,Jagairgutta,SCTP,Damage of gate,,,17.50267659779638,78.43263717368245,,,,,APP,24,OPEN,False,12150151_MaheshU,,,,16487:55,/content/SComplaint/,,,,,,,https://appapi.himsw.in//content/SComplaint/920237307.jpeg,
138,253,4110,QR Code is not working,07-07-2022 12:39:47 PM,COMP/0000000001,8C6M+G2M, Katedhan, Telangana 500052, India,Katedan,TS,Sir,
For Mini Tipper Veh No TS12UB1066 when scanned the vehicle no is reflecting as 4192
Kindly verify and change no to TS12 UB1066,,,17.311683241277933,78.43333823606372,,,,,APP,24,OPEN,False,81218929_Ramaswamy,,,,16822:31,/content/SComplaint/,,,,,,,https://appapi.himsw.in//content/SComplaint/387508085.jpeg,
139,253,4109,QR Code is not working,06-07-2022 02:17:06 PM,COMP/0000000001,Jiyaguda Transfer Station (Circle 13, Khairtabad Zone, Dariya Bagh, Ziaguda Kamela, Hyderabad, Telangana 500264, India,Ziyaguda,TS,TSC-3 this container is not assigned in jiyaguda ,,,17.366286059841514,78.44458390027285,,,,,APP,24,OPEN,False,81215028_Ayyaswamulu,,,,16844:53,/content/SComplaint/,,,,,,,https://appapi.himsw.in//content/SComplaint/826827604.jpeg,
140,253,4108,QR Code is not working,06-07-2022 01:35:40 PM,COMP/0000000001,13-4-561/30/1, Dariya Bagh, Ziaguda Kamela, Hyderabad, Telangana 500006, India,Ziyaguda,TS,TSC-4 this container  is not assigned  in jiyaguda ,,,17.36601938959211,78.44494935125113,,,,,APP,24,OPEN,False,81215028_Ayyaswamulu,,,,16845:35,/content/SComplaint/,,,,,,,https://appapi.himsw.in//content/SComplaint/340728965.jpeg,
141,253,4107,QR Code is not working,06-07-2022 08:58:19 AM,COMP/0000000001,Jiyaguda Transfer Station (Circle 13, Khairtabad Zone, Dariya Bagh, Ziaguda Kamela, Hyderabad, Telangana 500264, India,Ziyaguda,TS,TSC-7 not assigned ,,,17.366188326850533,78.44446948729455,,,,,APP,24,OPEN,False,81215028_Ayyaswamulu,,,,16850:12,/content/SComplaint/,,,,,,,https://appapi.himsw.in//content/SComplaint/699966813.jpeg,
142,253,4106,QR Code is not working,06-07-2022 08:11:43 AM,COMP/0000000001,Jiyaguda Transfer Station (Circle 13, Khairtabad Zone, Dariya Bagh, Ziaguda Kamela, Hyderabad, Telangana 500264, India,Ziyaguda,TS,TSC-5,,,17.366147926077247,78.44461357221007,,,,,APP,24,OPEN,False,81215028_Ayyaswamulu,,,,16850:59,/content/SComplaint/,,,,,,,https://appapi.himsw.in//content/SComplaint/903471344.jpeg,
143,253,4105,QR Code is not working,03-07-2022 07:49:22 AM,COMP/0000000001,Jiyaguda Transfer Station (Circle 13, Khairtabad Zone, Dariya Bagh, Ziaguda Kamela, Hyderabad, Telangana 500264, India,Ziyaguda,TS,Container no.63 is not assigned  at jiyaguda TS,,,17.36615527,78.44459779,,,,,APP,24,OPEN,False,81215028_Ayyaswamulu,,,,16923:21,/content/SComplaint/,,,,,,,https://appapi.himsw.in//content/SComplaint/362888049.jpeg,
144,253,4104,QR Code is not working,28-06-2022 08:22:10 AM,COMP/0000000001,Jiyaguda Transfer Station (Circle 13, Khairtabad Zone, Dariya Bagh, Ziaguda Kamela, Hyderabad, Telangana 500264, India,Ziyaguda,TS,23 This container is not working at Jiyaguda ts,,,17.36661938,78.44472311,,,,,APP,24,OPEN,False,81215028_Ayyaswamulu,,,,17042:48,/content/SComplaint/,,,,,,,https://appapi.himsw.in//content/SComplaint/330468328.jpeg,
145,253,4103,QR Code Damaged,27-06-2022 09:07:58 AM,COMP/0000000001,GC2J+XFX, Beerappa Nagar Cross Rd, Beerappa Nagar, Jagathgiri Gutta, Hyderabad, Telangana 500054, India,Jagairgutta,SCTP,Rash driving in dump,,,17.503018495626748,78.43269450590014,,,,,APP,24,OPEN,False,12150151_MaheshU,,,,17066:03,/content/SComplaint/,,,,,,,https://appapi.himsw.in//content/SComplaint/678369325.jpeg,
146,253,4102,QR Code is not working,27-06-2022 08:52:56 AM,COMP/0000000001,Jiyaguda Transfer Station (Circle 13, Khairtabad Zone, Dariya Bagh, Ziaguda Kamela, Hyderabad, Telangana 500264, India,Ziyaguda,TS,TS08UJ2192 THIS HOOK LOADER CARRYD BY TSC-10  CONTAINER  NOT LINKAGE. ,,,17.36629146616906,78.44440603628755,,,,,APP,24,OPEN,False,81215028_Ayyaswamulu,,,,17066:18,/content/SComplaint/,,,,,,,https://appapi.himsw.in//content/SComplaint/776673031.jpeg,
147,253,4101,QR Code is not working,27-06-2022 07:53:50 AM,COMP/0000000001,Jiyaguda Transfer Station (Circle 13, Khairtabad Zone, Dariya Bagh, Ziaguda Kamela, Hyderabad, Telangana 500264, India,Ziyaguda,TS,This container is not assigned ,,,17.36681905,78.44431664,,,,,APP,24,OPEN,False,81215028_Ayyaswamulu,,,,17067:17,/content/SComplaint/,,,,,,,https://appapi.himsw.in//content/SComplaint/230724772.jpeg,
148,253,4100,QR Code is not working,27-06-2022 07:51:53 AM,COMP/0000000001,Jiyaguda Transfer Station (Circle 13, Khairtabad Zone, Dariya Bagh, Ziaguda Kamela, Hyderabad, Telangana 500264, India,Ziyaguda,TS,This container is not assigned ,,,17.36647989,78.4443461,,,,,APP,24,OPEN,False,81215028_Ayyaswamulu,,,,17067:19,/content/SComplaint/,,,,,,,https://appapi.himsw.in//content/SComplaint/113341788.jpeg,
149,253,4099,QR Code is not working,27-06-2022 07:51:40 AM,COMP/0000000001,Jiyaguda Transfer Station (Circle 13, Khairtabad Zone, Dariya Bagh, Ziaguda Kamela, Hyderabad, Telangana 500264, India,Ziyaguda,TS,This container is not assigned ,,,17.36647989,78.4443461,,,,,APP,24,OPEN,False,81215028_Ayyaswamulu,,,,17067:19,/content/SComplaint/,,,,,,,https://appapi.himsw.in//content/SComplaint/100702577.jpeg,
150,253,4098,QR Code is not working,27-06-2022 07:48:10 AM,COMP/0000000001,Jiyaguda Transfer Station (Circle 13, Khairtabad Zone, Dariya Bagh, Ziaguda Kamela, Hyderabad, Telangana 500264, India,Ziyaguda,TS,THIS CONTAINER IS NOT AS SIGNED ,,,17.36667863,78.44437415,,,,,APP,24,OPEN,False,81215028_Ayyaswamulu,,,,17067:22,/content/SComplaint/,,,,,,,https://appapi.himsw.in//content/SComplaint/890859245.jpeg,
151,253,4097,QR Code is not working,26-06-2022 09:04:32 AM,COMP/0000000001,Jiyaguda Transfer Station (Circle 13, Khairtabad Zone, Dariya Bagh, Ziaguda Kamela, Hyderabad, Telangana 500264, India,Ziyaguda,TS,TSC-31 THIS CONTAINER NOT ASSIGNED ,,,17.36668369732797,78.44429556280375,,,,,APP,24,OPEN,False,81215028_Ayyaswamulu,,,,17090:06,/content/SComplaint/,,,,,,,https://appapi.himsw.in//content/SComplaint/072574213.jpeg,
152,253,4096,QR Code is not working,25-06-2022 08:03:21 AM,COMP/0000000001,13-4-561/30/1, Dariya Bagh, Ziaguda Kamela, Hyderabad, Telangana 500006, India,Ziyaguda,TS,TsC-62 this container not working,,,17.36611136,78.44473544,,,,,APP,24,OPEN,False,81215028_Ayyaswamulu,,,,17115:07,/content/SComplaint/,,,,,,,https://appapi.himsw.in//content/SComplaint/001990684.jpeg,
153,253,4095,QR Code is not working,25-06-2022 08:02:57 AM,COMP/0000000001,13-4-561/30/1, Dariya Bagh, Ziaguda Kamela, Hyderabad, Telangana 500006, India,Ziyaguda,TS,TsC-62 this container not working,,,17.36611136,78.44473544,,,,,APP,24,OPEN,False,81215028_Ayyaswamulu,,,,17115:08,/content/SComplaint/,,,,,,,https://appapi.himsw.in//content/SComplaint/977726909.jpeg,
154,253,4094,QR Code is not working,21-06-2022 06:44:06 AM,COMP/0000000001,Jiyaguda Transfer Station (Circle 13, Khairtabad Zone, Dariya Bagh, Ziaguda Kamela, Hyderabad, Telangana 500264, India,Ziyaguda,TS,TSC-61,64,14 THIS CONTAINERS NOT ASSIGNED ,,,17.366549209691584,78.44439287669957,,,,,APP,24,OPEN,False,81215028_Ayyaswamulu,,,,17212:26,/content/SComplaint/,,,,,,,https://appapi.himsw.in//content/SComplaint/646909564.jpeg,
155,253,4093,QR Code is not working,21-06-2022 06:27:05 AM,COMP/0000000001,Jiyaguda Transfer Station (Circle 13, Khairtabad Zone, Dariya Bagh, Ziaguda Kamela, Hyderabad, Telangana 500264, India,Ziyaguda,TS,Tsc-33 not assigned ,,,17.366672842763364,78.44433990307152,,,,,APP,24,OPEN,False,81215028_Ayyaswamulu,,,,17212:43,/content/SComplaint/,,,,,,,https://appapi.himsw.in//content/SComplaint/625529360.jpeg,
156,253,4092,QR Code is not working,21-06-2022 06:26:09 AM,COMP/0000000001,Jiyaguda Transfer Station (Circle 13, Khairtabad Zone, Dariya Bagh, Ziaguda Kamela, Hyderabad, Telangana 500264, India,Ziyaguda,TS,TSC-65,,,17.366780173033476,78.44436286948621,,,,,APP,24,OPEN,False,81215028_Ayyaswamulu,,,,17212:44,/content/SComplaint/,,,,,,,https://appapi.himsw.in//content/SComplaint/569807563.jpeg,
157,253,4091,QR Code is not working,21-06-2022 06:24:51 AM,COMP/0000000001,Jiyaguda Transfer Station (Circle 13, Khairtabad Zone, Dariya Bagh, Ziaguda Kamela, Hyderabad, Telangana 500264, India,Ziyaguda,TS,TSC-4,,,17.366716931574047,78.44430821947753,,,,,APP,24,OPEN,False,81215028_Ayyaswamulu,,,,17212:46,/content/SComplaint/,,,,,,,https://appapi.himsw.in//content/SComplaint/491018080.jpeg,
158,253,4090,QR Code is not working,21-06-2022 06:23:41 AM,COMP/0000000001,Jiyaguda Transfer Station (Circle 13, Khairtabad Zone, Dariya Bagh, Ziaguda Kamela, Hyderabad, Telangana 500264, India,Ziyaguda,TS,TSC-62,,,17.36675594933331,78.44434451311827,,,,,APP,24,OPEN,False,81215028_Ayyaswamulu,,,,17212:47,/content/SComplaint/,,,,,,,https://appapi.himsw.in//content/SComplaint/421891731.jpeg,
159,253,4089,QR Code is not working,21-06-2022 06:23:19 AM,COMP/0000000001,Jiyaguda Transfer Station (Circle 13, Khairtabad Zone, Dariya Bagh, Ziaguda Kamela, Hyderabad, Telangana 500264, India,Ziyaguda,TS,TSC-8,,,17.36676018219441,78.44422901049256,,,,,APP,24,OPEN,False,81215028_Ayyaswamulu,,,,17212:47,/content/SComplaint/,,,,,,,https://appapi.himsw.in//content/SComplaint/399472492.jpeg,
160,253,4088,QR Code is not working,19-06-2022 01:24:25 PM,COMP/0000000001,Jiyaguda Transfer Station (Circle 13, Khairtabad Zone, Dariya Bagh, Ziaguda Kamela, Hyderabad, Telangana 500264, India,Ziyaguda,TS,TSC-13 THIS CONTAINER NOT ASSIGNED ,,,17.366399466991425,78.44462279230356,,,,,APP,24,OPEN,False,81215028_Ayyaswamulu,,,,17253:46,/content/SComplaint/,,,,,,,https://appapi.himsw.in//content/SComplaint/865498944.jpeg,
161,253,4087,QR Code is not working,19-06-2022 11:46:13 AM,COMP/0000000001,Jiyaguda Transfer Station (Circle 13, Khairtabad Zone, Dariya Bagh, Ziaguda Kamela, Hyderabad, Telangana 500264, India,Ziyaguda,TS,TS08UH7352 THIS VEHICLE NOT ASSAIND ,,,17.366498708724976,78.44456059858203,,,,,APP,24,OPEN,False,81215028_Ayyaswamulu,,,,17255:24,/content/SComplaint/,,,,,,,https://appapi.himsw.in//content/SComplaint/973352170.jpeg,
162,253,4086,Container SCTP Change,19-06-2022 04:31:23 AM,COMP/0000000001,Jiyaguda Transfer Station (Circle 13, Khairtabad Zone, Dariya Bagh, Ziaguda Kamela, Hyderabad, Telangana 500264, India,Ziyaguda,TS,TSC-13 is not added into the arrival of containers for secondary collection,,,17.366565722040832,78.44452740624547,,,,,APP,24,OPEN,False,81215028_Ayyaswamulu,,,,17262:39,/content/SComplaint/,,,,,,,https://appapi.himsw.in//content/SComplaint/883502584.jpg,
163,253,4085,Container SCTP Change,19-06-2022 03:29:48 AM,COMP/0000000001,Jiyaguda Transfer Station (Circle 13, Khairtabad Zone, Dariya Bagh, Ziaguda Kamela, Hyderabad, Telangana 500264, India,Ziyaguda,TS,TS08UH7352 out with container No TSC-8 from Jiyaguda TS ,,,17.366633154451847,78.44439555890858,,,,,APP,24,OPEN,False,81215028_Ayyaswamulu,,,,17263:41,/content/SComplaint/,,,,,,,https://appapi.himsw.in//content/SComplaint/188262967.jpg,
164,253,4084,QR Code is not working,19-06-2022 03:28:44 AM,COMP/0000000001,Jiyaguda Transfer Station (Circle 13, Khairtabad Zone, Dariya Bagh, Ziaguda Kamela, Hyderabad, Telangana 500264, India,Ziyaguda,TS,TS08UH7352 is not added into the arrival of hook loader for linked the container ,,,17.36654904205352,78.44443981535733,,,,,APP,24,OPEN,False,81215028_Ayyaswamulu,,,,17263:42,/content/SComplaint/,,,,,,,https://appapi.himsw.in//content/SComplaint/124241619.jpg,
165,253,4083,Container SCTP Change,19-06-2022 03:27:27 AM,COMP/0000000001,Sant Sri Keshava Swamy Maharaj Marg, Dariya Bagh, Keshav Swamy Nagar, Hyderabad, Telangana 500006, India,Ziyaguda,TS,TS08UJ2194 out with container No TSC-41 from Jiyaguda TS ,,,17.366882641799748,78.44416237436235,,,,,APP,24,OPEN,False,81215028_Ayyaswamulu,,,,17263:43,/content/SComplaint/,,,,,,,https://appapi.himsw.in//content/SComplaint/047551569.jpg,
166,253,4082,QR Code is not working,19-06-2022 03:26:20 AM,COMP/0000000001,Jiyaguda Transfer Station (Circle 13, Khairtabad Zone, Dariya Bagh, Ziaguda Kamela, Hyderabad, Telangana 500264, India,Ziyaguda,TS,TS08UJ2194  is not added into the arrival of hook loader for linked the container ,,,17.366711986251175,78.44449664466083,,,,,APP,24,OPEN,False,81215028_Ayyaswamulu,,,,17263:44,/content/SComplaint/,,,,,,,https://appapi.himsw.in//content/SComplaint/980245011.jpg,
167,253,4081,Container SCTP Change,19-06-2022 03:23:23 AM,COMP/0000000001,Jiyaguda Transfer Station (Circle 13, Khairtabad Zone, Dariya Bagh, Ziaguda Kamela, Hyderabad, Telangana 500264, India,Ziyaguda,TS,TS08UJ2192 out with container No TSC-1 From Jiyaguda TS ,,,17.36651849001646,78.44448155723512,,,,,APP,24,OPEN,False,81215028_Ayyaswamulu,,,,17263:47,/content/SComplaint/,,,,,,,https://appapi.himsw.in//content/SComplaint/803462208.jpg,
168,253,4080,Container SCTP Change,19-06-2022 03:21:58 AM,COMP/0000000001,Jiyaguda Transfer Station (Circle 13, Khairtabad Zone, Dariya Bagh, Ziaguda Kamela, Hyderabad, Telangana 500264, India,Ziyaguda,TS,TS08UJ1934 out with container No TSC-64 From Jiyaguda TS ,,,17.366852131672204,78.44447661191225,,,,,APP,24,OPEN,False,81215028_Ayyaswamulu,,,,17263:49,/content/SComplaint/,,,,,,,https://appapi.himsw.in//content/SComplaint/718442085.jpg,
169,253,4079,Container SCTP Change,18-06-2022 11:55:26 PM,COMP/0000000001,Jiyaguda Transfer Station (Circle 13, Khairtabad Zone, Dariya Bagh, Ziaguda Kamela, Hyderabad, Telangana 500264, India,Ziyaguda,TS,TSC-61 Container not added into the arrival of containers ,,,17.3665320686996,78.44458348117769,,,,,APP,24,OPEN,False,81215028_Ayyaswamulu,,,,17267:15,/content/SComplaint/,,,,,,,https://appapi.himsw.in//content/SComplaint/326547727.jpg,
170,253,4078,QR Code is not working,18-06-2022 11:13:05 PM,COMP/0000000001,Jiyaguda Transfer Station (Circle 13, Khairtabad Zone, Dariya Bagh, Ziaguda Kamela, Hyderabad, Telangana 500264, India,Ziyaguda,TS,TS08UH7352 out with the container No TSC-13 from jiyaguda TS , the hook loader is not linked ,,,17.366706705652177,78.44444467686117,,,,,APP,24,OPEN,False,81215028_Ayyaswamulu,,,,17267:57,/content/SComplaint/,,,,,,,https://appapi.himsw.in//content/SComplaint/785151077.jpg,
171,253,4077,QR Code is not working,18-06-2022 11:10:04 PM,COMP/0000000001,Jiyaguda Transfer Station (Circle 13, Khairtabad Zone, Dariya Bagh, Ziaguda Kamela, Hyderabad, Telangana 500264, India,Ziyaguda,TS,TS08UH7352 is not added into the arrival of hook loader ,,,17.36649359576404,78.44463050365448,,,,,APP,24,OPEN,False,81215028_Ayyaswamulu,,,,17268:00,/content/SComplaint/,,,,,,,https://appapi.himsw.in//content/SComplaint/604010841.jpg,
172,253,4076,QR Code is not working,18-06-2022 10:59:57 PM,COMP/0000000001,Jiyaguda Transfer Station (Circle 13, Khairtabad Zone, Dariya Bagh, Ziaguda Kamela, Hyderabad, Telangana 500264, India,Ziyaguda,TS,TS08UJ2194 out with the container No TSC-44 from jiyaguda TS ,,,17.366515179164708,78.44472630880773,,,,,APP,24,OPEN,False,81215028_Ayyaswamulu,,,,17268:11,/content/SComplaint/,,,,,,,https://appapi.himsw.in//content/SComplaint/997371037.jpg,
173,253,4075,QR Code is not working,18-06-2022 10:57:24 PM,COMP/0000000001,Jiyaguda Transfer Station (Circle 13, Khairtabad Zone, Dariya Bagh, Ziaguda Kamela, Hyderabad, Telangana 500264, India,Ziyaguda,TS,TS08UJ2194 is not added into the arrival of Hook loader and it is not linked with container ,,,17.36644363962114,78.44422398135066,,,,,APP,24,OPEN,False,81215028_Ayyaswamulu,,,,17268:13,/content/SComplaint/,,,,,,,https://appapi.himsw.in//content/SComplaint/844194945.jpg,
174,253,4074,QR Code is not working,18-06-2022 11:43:28 AM,COMP/0000000001,Jiyaguda Transfer Station (Circle 13, Khairtabad Zone, Dariya Bagh, Ziaguda Kamela, Hyderabad, Telangana 500264, India,Ziyaguda,TS,This container is not scannig TSC-8,,,17.3667072923854,78.44435012899339,,,,,APP,24,OPEN,False,81215028_Ayyaswamulu,,,,17279:27,/content/SComplaint/,,,,,,,https://appapi.himsw.in//content/SComplaint/408844561.jpg,
175,253,4073,QR Code is not working,18-06-2022 11:28:19 AM,COMP/0000000001,Jiyaguda Transfer Station (Circle 13, Khairtabad Zone, Dariya Bagh, Ziaguda Kamela, Hyderabad, Telangana 500264, India,Ziyaguda,TS,This container is not scannig TSC-1,,,17.3663291009143,78.44438130967319,,,,,APP,24,OPEN,False,81215028_Ayyaswamulu,,,,17279:42,/content/SComplaint/,,,,,,,https://appapi.himsw.in//content/SComplaint/499155544.jpg,
176,253,4072,QR Code is not working,18-06-2022 11:21:36 AM,COMP/0000000001,13-4-561/30/1, Dariya Bagh, Ziaguda Kamela, Hyderabad, Telangana 500006, India,Ziyaguda,TS,This container not scanning TSC-14,,,17.3666399018839,78.44486888498068,,,,,APP,24,OPEN,False,81215028_Ayyaswamulu,,,,17279:49,/content/SComplaint/,,,,,,,https://appapi.himsw.in//content/SComplaint/096002065.jpg,
177,253,4071,QR Code is not working,18-06-2022 07:27:56 AM,COMP/0000000001,Jiyaguda Transfer Station (Circle 13, Khairtabad Zone, Dariya Bagh, Ziaguda Kamela, Hyderabad, Telangana 500264, India,Ziyaguda,TS,TSC-65  This container is not scanned ,,,17.36652921885252,78.44430344179273,,,,,APP,24,OPEN,False,81215028_Ayyaswamulu,,,,17283:43,/content/SComplaint/,,,,,,,https://appapi.himsw.in//content/SComplaint/076281156.jpg,
178,253,4070,Container SCTP Change,18-06-2022 06:02:03 AM,COMP/0000000001,Jiyaguda Transfer Station (Circle 13, Khairtabad Zone, Dariya Bagh, Ziaguda Kamela, Hyderabad, Telangana 500264, India,Ziyaguda,TS,TSC-65, TSC-1, TSC-9 these Containers are not added into the arrival of Containers for Secondary Collection,,,17.36654967,78.44450963,,,,,APP,24,OPEN,False,81215028_Ayyaswamulu,,,,17285:08,/content/SComplaint/,,,,,,,https://appapi.himsw.in//content/SComplaint/923371933.jpg,
179,253,4069,QR Code is not working,17-06-2022 09:19:35 PM,COMP/0000000001,Jiyaguda Transfer Station (Circle 13, Khairtabad Zone, Dariya Bagh, Ziaguda Kamela, Hyderabad, Telangana 500264, India,Ziyaguda,TS,TSC 08UJ2194 CARRID CONTAINER NUMBER TSC62 NOT LINKEG ,,,17.366635627113283,78.44448029994965,,,,,APP,24,OPEN,False,81215028_Ayyaswamulu,,,,17293:51,/content/SComplaint/,,,,,,,https://appapi.himsw.in//content/SComplaint/575814275.jpg,
180,253,4068,QR Code is not working,17-06-2022 08:53:07 PM,COMP/0000000001,Jiyaguda Transfer Station (Circle 13, Khairtabad Zone, Dariya Bagh, Ziaguda Kamela, Hyderabad, Telangana 500264, India,Ziyaguda,TS,TSC-9 THIS CONTAINER NOT ASSIGNED ,,,17.36679165624082,78.44452011398971,,,,,APP,24,OPEN,False,81215028_Ayyaswamulu,,,,17294:17,/content/SComplaint/,,,,,,,https://appapi.himsw.in//content/SComplaint/987584965.jpeg,
181,253,4067,QR Code is not working,17-06-2022 08:05:05 PM,COMP/0000000001,Jiyaguda Transfer Station (Circle 13, Khairtabad Zone, Dariya Bagh, Ziaguda Kamela, Hyderabad, Telangana 500264, India,Ziyaguda,TS,TS-08-UJ-2192 this hook loader carried to pc20-42 buy not linked ,,,17.366694258525968,78.44446755945683,,,,,APP,24,OPEN,False,81215028_Ayyaswamulu,,,,17295:05,/content/SComplaint/,,,,,,,https://appapi.himsw.in//content/SComplaint/105017108.jpg,
182,253,4066,QR Code is not working,17-06-2022 07:17:00 PM,COMP/0000000001,13-4-561/30/1, Dariya Bagh, Ziaguda Kamela, Hyderabad, Telangana 500006, India,Ziyaguda,TS,TSC-14 THIS CONTAINER NOT STERLING ,,,17.366112931631505,78.44466713257134,,,,,APP,24,OPEN,False,81215028_Ayyaswamulu,,,,17295:53,/content/SComplaint/,,,,,,,https://appapi.himsw.in//content/SComplaint/220264928.jpeg,
183,253,4065,QR Code is not working,17-06-2022 06:55:55 PM,COMP/0000000001,Jiyaguda Transfer Station (Circle 13, Khairtabad Zone, Dariya Bagh, Ziaguda Kamela, Hyderabad, Telangana 500264, India,Ziyaguda,TS,TS08UJ3554 This hook loader carrying TSC-65 BUT NOT LINKAGE ,,,17.366665843874216,78.44434317201376,,,,,APP,24,OPEN,False,81215028_Ayyaswamulu,,,,17296:15,/content/SComplaint/,,,,,,,https://appapi.himsw.in//content/SComplaint/955314747.jpg,
184,253,4064,QR Code is not working,17-06-2022 05:23:45 PM,COMP/0000000001,Jiyaguda Transfer Station (Circle 13, Khairtabad Zone, Dariya Bagh, Ziaguda Kamela, Hyderabad, Telangana 500264, India,Ziyaguda,TS,TSC-58 CONTAINERS IS NOT WORKING, not assigned ,,,17.366082672961056,78.44454257749021,,,,,APP,24,OPEN,False,81215028_Ayyaswamulu,,,,17297:47,/content/SComplaint/,,,,,,,https://appapi.himsw.in//content/SComplaint/425091044.jpg,
185,253,4063,QR Code is not working,17-06-2022 05:21:00 PM,COMP/0000000001,Jiyaguda Transfer Station (Circle 13, Khairtabad Zone, Dariya Bagh, Ziaguda Kamela, Hyderabad, Telangana 500264, India,Ziyaguda,TS,TS08UH7352  THIS HOOK LOADER INFORMATION NOT FOUND LOOK AT,,,17.366249850019813,78.44446286559105,,,,,APP,24,OPEN,False,81215028_Ayyaswamulu,,,,17297:49,/content/SComplaint/,,,,,,,https://appapi.himsw.in//content/SComplaint/260291336.jpeg,
186,253,4062,QR Code is not working,17-06-2022 10:28:06 AM,COMP/0000000001,Jiyaguda Transfer Station (Circle 13, Khairtabad Zone, Dariya Bagh, Ziaguda Kamela, Hyderabad, Telangana 500264, India,Ziyaguda,TS,TSC-54  CONTAINER  NOT STERLING ,,,17.36625848338008,78.44459077343345,,,,,APP,24,OPEN,False,81215028_Ayyaswamulu,,,,17304:42,/content/SComplaint/,,,,,,,https://appapi.himsw.in//content/SComplaint/486942062.jpg,
187,253,4061,QR Code is not working,16-06-2022 09:24:29 PM,COMP/0000000001,Jiyaguda Transfer Station (Circle 13, Khairtabad Zone, Dariya Bagh, Ziaguda Kamela, Hyderabad, Telangana 500264, India,Ziyaguda,TS,TS08UH7352,,,17.36657242756337,78.44444576650858,,,,,APP,24,OPEN,False,81215028_Ayyaswamulu,,,,17317:46,/content/SComplaint/,,,,,,,https://appapi.himsw.in//content/SComplaint/469715359.jpeg,
188,253,4060,QR Code is not working,16-06-2022 07:53:42 PM,COMP/0000000001,Jiyaguda Transfer Station (Circle 13, Khairtabad Zone, Dariya Bagh, Ziaguda Kamela, Hyderabad, Telangana 500264, India,Ziyaguda,TS,TS07UJ7932 this hookloadr not at  Qr code ,,,17.36657686997205,78.4443892724812,,,,,APP,24,OPEN,False,81215028_Ayyaswamulu,,,,17319:17,/content/SComplaint/,,,,,,,https://appapi.himsw.in//content/SComplaint/022586089.jpeg,
189,253,4059,QR Code is not working,16-06-2022 03:04:54 PM,COMP/0000000001,Jiyaguda Transfer Station (Circle 13, Khairtabad Zone, Dariya Bagh, Ziaguda Kamela, Hyderabad, Telangana 500264, India,Ziyaguda,TS,TSC-28  This container not Sterling ,,,17.36668109893799,78.44462681561708,,,,,APP,24,OPEN,False,81215028_Ayyaswamulu,,,,17324:06,/content/SComplaint/,,,,,,,https://appapi.himsw.in//content/SComplaint/694826161.jpg,
190,253,4058,QR Code is not working,16-06-2022 02:04:54 PM,COMP/0000000001,Jiyaguda Transfer Station (Circle 13, Khairtabad Zone, Dariya Bagh, Ziaguda Kamela, Hyderabad, Telangana 500264, India,Ziyaguda,TS,This container is not scanned  TSC-13,,,17.36639234237373,78.44469781033695,,,,,APP,24,OPEN,False,81215028_Ayyaswamulu,,,,17325:06,/content/SComplaint/,,,,,,,https://appapi.himsw.in//content/SComplaint/094762361.jpg,
191,253,4057,QR Code is not working,16-06-2022 12:23:46 PM,COMP/0000000001,GC2J+XFX, Beerappa Nagar Cross Rd, Beerappa Nagar, Jagathgiri Gutta, Hyderabad, Telangana 500054, India,Jagairgutta,SCTP,No qr,,,17.502933754585683,78.43269165605307,,,,,APP,24,OPEN,False,12150151_MaheshU,,,,17326:47,/content/SComplaint/,,,,,,,https://appapi.himsw.in//content/SComplaint/026395396.jpeg,
192,253,4056,QR Code is not working,15-06-2022 09:22:17 PM,COMP/0000000001,Jiyaguda Transfer Station (Circle 13, Khairtabad Zone, Dariya Bagh, Ziaguda Kamela, Hyderabad, Telangana 500264, India,Ziyaguda,TS,TSC-12 THIS CONTAINER NOT STERLING ,,,17.366454578004777,78.44445104710758,,,,,APP,24,OPEN,False,81215028_Ayyaswamulu,,,,17341:48,/content/SComplaint/,,,,,,,https://appapi.himsw.in//content/SComplaint/937290552.jpg,
193,253,4055,QR Code is not working,15-06-2022 06:37:58 PM,COMP/0000000001,Jiyaguda Transfer Station (Circle 13, Khairtabad Zone, Dariya Bagh, Ziaguda Kamela, Hyderabad, Telangana 500264, India,Ziyaguda,TS,Tsc-62,,,17.366493553854525,78.44438499771059,,,,,APP,24,OPEN,False,81215028_Ayyaswamulu,,,,17344:33,/content/SComplaint/,,,,,,,https://appapi.himsw.in//content/SComplaint/078459115.jpg,
194,253,4054,QR Code is not working,31-05-2022 09:10:23 AM,COMP/0000000001,GC2J+XFX, Beerappa Nagar Cross Rd, Beerappa Nagar, Jagathgiri Gutta, Hyderabad, Telangana 500054, India,Jagairgutta,SCTP,Not for hockloder container link,,,17.502568680793047,78.43227851204574,,,,,APP,24,OPEN,False,12150151_MaheshU,,,,17714:00,/content/SComplaint/,,,,,,,https://appapi.himsw.in//content/SComplaint/023004971.jpeg,
195,253,4053,QR Code is not working,28-05-2022 03:33:54 AM,COMP/0000000001,Jiyaguda Transfer Station (Circle 13, Khairtabad Zone, Dariya Bagh, Ziaguda Kamela, Hyderabad, Telangana 500264, India,Ziyaguda,TS,TS08UJ3549 is Out with Container No TSC-36,,,17.36645453,78.44458841,,,,,APP,24,OPEN,False,81215028_Ayyaswamulu,,,,17791:37,/content/SComplaint/,,,,,,,https://appapi.himsw.in//content/SComplaint/634469638.jpg,
196,253,4052,QR Code is not working,28-05-2022 03:31:41 AM,COMP/0000000001,Jiyaguda Transfer Station (Circle 13, Khairtabad Zone, Dariya Bagh, Ziaguda Kamela, Hyderabad, Telangana 500264, India,Ziyaguda,TS,TS08UJ2192 is Out with Container No PC20-42,,,17.36641698,78.4446478,,,,,APP,24,OPEN,False,81215028_Ayyaswamulu,,,,17791:39,/content/SComplaint/,,,,,,,https://appapi.himsw.in//content/SComplaint/501900853.jpg,
197,253,4051,QR Code is not working,28-05-2022 03:07:38 AM,COMP/0000000001,Jiyaguda Transfer Station (Circle 13, Khairtabad Zone, Dariya Bagh, Ziaguda Kamela, Hyderabad, Telangana 500264, India,Ziyaguda,TS,TS08UH7935 is Out with Container No TSC-27,,,17.36642827,78.44452905,,,,,APP,24,OPEN,False,81215028_Ayyaswamulu,,,,17792:03,/content/SComplaint/,,,,,,,https://appapi.himsw.in//content/SComplaint/058509342.jpg,
198,253,4050,QR Code is not working,28-05-2022 03:06:01 AM,COMP/0000000001,Jiyaguda Transfer Station (Circle 13, Khairtabad Zone, Dariya Bagh, Ziaguda Kamela, Hyderabad, Telangana 500264, India,Ziyaguda,TS,TS08UJ2194 is Out with Container No TSC-2 ,,,17.36642121,78.44451659,,,,,APP,24,OPEN,False,81215028_Ayyaswamulu,,,,17792:04,/content/SComplaint/,,,,,,,https://appapi.himsw.in//content/SComplaint/961065392.jpg,
199,253,4049,QR Code is not working,28-05-2022 01:16:32 AM,COMP/0000000001,Jiyaguda Transfer Station (Circle 13, Khairtabad Zone, Dariya Bagh, Ziaguda Kamela, Hyderabad, Telangana 500264, India,Ziyaguda,TS,TS08UH7355 is Out with Container No TSC-55,,,17.36644192,78.44463476,,,,,APP,24,OPEN,False,81215028_Ayyaswamulu,,,,17793:54,/content/SComplaint/,,,,,,,https://appapi.himsw.in//content/SComplaint/392615066.jpg,
200,253,4048,QR Code is not working,28-05-2022 12:32:30 AM,COMP/0000000001,Jiyaguda Transfer Station (Circle 13, Khairtabad Zone, Dariya Bagh, Ziaguda Kamela, Hyderabad, Telangana 500264, India,Ziyaguda,TS,TS08UH7352 is Out with Container No TSC-8,,,17.3664235,78.44453644,,,,,APP,24,OPEN,False,81215028_Ayyaswamulu,,,,17794:38,/content/SComplaint/,,,,,,,https://appapi.himsw.in//content/SComplaint/750455075.jpg,
201,253,4047,QR Code is not working,27-05-2022 11:05:22 PM,COMP/0000000001,Jiyaguda Transfer Station (Circle 13, Khairtabad Zone, Dariya Bagh, Ziaguda Kamela, Hyderabad, Telangana 500264, India,Ziyaguda,TS,TS08UJ2194 Out with Container No TSC-11,,,17.36625752,78.444764,,,,,APP,24,OPEN,False,81215028_Ayyaswamulu,,,,17796:05,/content/SComplaint/,,,,,,,https://appapi.himsw.in//content/SComplaint/522098257.jpg,
202,253,4046,QR Code is not working,27-05-2022 11:03:46 PM,COMP/0000000001,Jiyaguda Transfer Station (Circle 13, Khairtabad Zone, Dariya Bagh, Ziaguda Kamela, Hyderabad, Telangana 500264, India,Ziyaguda,TS,TS08UH7935 Out with Container No TSC-38,,,17.3662559,78.44476398,,,,,APP,24,OPEN,False,81215028_Ayyaswamulu,,,,17796:07,/content/SComplaint/,,,,,,,https://appapi.himsw.in//content/SComplaint/426222504.jpg,
203,253,4045,QR Code is not working,27-05-2022 11:02:02 PM,COMP/0000000001,Jiyaguda Transfer Station (Circle 13, Khairtabad Zone, Dariya Bagh, Ziaguda Kamela, Hyderabad, Telangana 500264, India,Ziyaguda,TS,TS08UJ3549 Out with Container No TSC-1,,,17.36625074,78.4447902,,,,,APP,24,OPEN,False,81215028_Ayyaswamulu,,,,17796:08,/content/SComplaint/,,,,,,,https://appapi.himsw.in//content/SComplaint/322695801.jpg,
204,253,4044,QR Code is not working,27-05-2022 10:34:17 PM,COMP/0000000001,Jiyaguda Transfer Station (Circle 13, Khairtabad Zone, Dariya Bagh, Ziaguda Kamela, Hyderabad, Telangana 500264, India,Ziyaguda,TS,TS08UJ2192 Out with Container No TSC-10,,,17.36660385,78.44448361,,,,,APP,24,OPEN,False,81215028_Ayyaswamulu,,,,17796:36,/content/SComplaint/,,,,,,,https://appapi.himsw.in//content/SComplaint/657394048.jpg,
205,253,4043,QR Code is not working,26-05-2022 03:54:25 AM,COMP/0000000001,Jiyaguda Transfer Station (Circle 13, Khairtabad Zone, Dariya Bagh, Ziaguda Kamela, Hyderabad, Telangana 500264, India,Ziyaguda,TS,Linkage of Hook loader is not added.scan the QR code of Hook loader it will shows " No information found in arrival of Hook loaders"TS08UH7352,,,17.3664756,78.44463953,,,,,APP,24,OPEN,False,81215028_Ayyaswamulu,,,,17839:16,/content/SComplaint/,,,,,,,https://appapi.himsw.in//content/SComplaint/065230586.jpg,
206,253,4042,QR Code is not working,26-05-2022 03:48:38 AM,COMP/0000000001,Jiyaguda Transfer Station (Circle 13, Khairtabad Zone, Dariya Bagh, Ziaguda Kamela, Hyderabad, Telangana 500264, India,Ziyaguda,TS,The arrival of Hook loader is not added. Scan the QR code it will shows the vechile is already Assigned but this vechile is not shown in the arrival of Hook loader
TS08UH7352,,,17.36644123,78.44465506,,,,,APP,24,OPEN,False,81215028_Ayyaswamulu,,,,17839:22,/content/SComplaint/,,,,,,,https://appapi.himsw.in//content/SComplaint/718059266.jpg,
207,253,4041,QR Code is not working,26-05-2022 03:43:26 AM,COMP/0000000001,Jiyaguda Transfer Station (Circle 13, Khairtabad Zone, Dariya Bagh, Ziaguda Kamela, Hyderabad, Telangana 500264, India,Ziyaguda,TS,Arrival of Hook loader is not added I was scanned the QR code it will shows the vechile is already Assigned but this vechile is not shown in the arrival of Hook loader
 TS08UJ4250,,,17.36638672,78.44440005,,,,,APP,24,OPEN,False,81215028_Ayyaswamulu,,,,17839:27,/content/SComplaint/,,,,,,,https://appapi.himsw.in//content/SComplaint/406468536.jpg,
208,253,4040,QR Code is not working,25-05-2022 11:49:15 PM,COMP/0000000001,Jiyaguda Transfer Station (Circle 13, Khairtabad Zone, Dariya Bagh, Ziaguda Kamela, Hyderabad, Telangana 500264, India,Ziyaguda,TS,PC 20-42Having no QR code,,,17.366478333333337,78.44468833333333,,,,,APP,24,OPEN,False,81215028_Ayyaswamulu,,,,17843:21,/content/SComplaint/,,,,,,,https://appapi.himsw.in//content/SComplaint/355200638.jpeg,
209,253,4039,QR Code is not working,25-05-2022 11:24:51 PM,COMP/0000000001,Jiyaguda Transfer Station (Circle 13, Khairtabad Zone, Dariya Bagh, Ziaguda Kamela, Hyderabad, Telangana 500264, India,Ziyaguda,TS,Linkage of Hook loader is not added. Scan the QR code It will shows " No information found in arrival of Hook loader"
Hook loader number TS08UH7935,,,17.36651572,78.44463875,,,,,APP,24,OPEN,False,81215028_Ayyaswamulu,,,,17843:46,/content/SComplaint/,,,,,,,https://appapi.himsw.in//content/SComplaint/891418046.jpg,
210,253,4038,QR Code is not working,25-05-2022 11:24:14 PM,COMP/0000000001,Jiyaguda Transfer Station (Circle 13, Khairtabad Zone, Dariya Bagh, Ziaguda Kamela, Hyderabad, Telangana 500264, India,Ziyaguda,TS,Linkage of Hook loader is not added. Scan the QR code It will shows " No information found in arrival of Hook loader"
Hook loader number TS08UJ3549,,,17.36641074,78.44464518,,,,,APP,24,OPEN,False,81215028_Ayyaswamulu,,,,17843:46,/content/SComplaint/,,,,,,,https://appapi.himsw.in//content/SComplaint/854065496.jpg,
211,253,4037,QR Code is not working,25-05-2022 10:13:38 PM,COMP/0000000001,Jiyaguda Transfer Station (Circle 13, Khairtabad Zone, Dariya Bagh, Ziaguda Kamela, Hyderabad, Telangana 500264, India,Ziyaguda,TS,The arrival of Hook loader is not added I was scanned the QR code of Hook loader it will shows the vechile is already Assigned but this vechile is not shown in the arrival of Hook loader TS08UH7935,,,17.36646081,78.44451421,,,,,APP,24,OPEN,False,81215028_Ayyaswamulu,,,,17844:57,/content/SComplaint/,,,,,,,https://appapi.himsw.in//content/SComplaint/618538945.jpg,
212,253,4036,QR Code is not working,25-05-2022 10:08:51 PM,COMP/0000000001,Jiyaguda Transfer Station (Circle 13, Khairtabad Zone, Dariya Bagh, Ziaguda Kamela, Hyderabad, Telangana 500264, India,Ziyaguda,TS,The arrival of Hook loader is not added 
I was scanned the QR code it will shows The vechile is already Assigned but this vechile is not shown in arrival of Hook loader TS08UJ3549,,,17.36656983,78.44440292,,,,,APP,24,OPEN,False,81215028_Ayyaswamulu,,,,17845:02,/content/SComplaint/,,,,,,,https://appapi.himsw.in//content/SComplaint/331147183.jpg,
213,253,4035,QR Code is not working,25-05-2022 08:27:52 PM,COMP/0000000001,13-4-561/30/1, Dariya Bagh, Ziaguda Kamela, Hyderabad, Telangana 500006, India,Ziyaguda,TS,TSC-70,,,17.3658298,78.4449449,,,,,APP,24,OPEN,False,81215028_Ayyaswamulu,,,,17846:43,/content/SComplaint/,,,,,,,https://appapi.himsw.in//content/SComplaint/272327639.jpeg,
214,253,4034,QR Code is not working,25-05-2022 12:39:38 PM,COMP/0000000001,13-4-561/30/1, Dariya Bagh, Ziaguda Kamela, Hyderabad, Telangana 500006, India,Ziyaguda,TS,TS08UJ2191 vechile it's not scanned,,,17.36619166666667,78.44508833333333,,,,,APP,24,OPEN,False,81215028_Ayyaswamulu,,,,17854:31,/content/SComplaint/,,,,,,,https://appapi.himsw.in//content/SComplaint/178673994.png,
215,253,4033,QR Code is not working,25-05-2022 11:41:20 AM,COMP/0000000001,CCFW+FJM, Green Valley, Banjara Hills, Hyderabad, Telangana 500034, India,Jalagam Vengal Rao Park,SCTP,Qr corn not working properly,,,17.423646666666667,78.44652833333333,,,,,APP,24,OPEN,False,81201254_SureshG,,,,17855:29,/content/SComplaint/,,,,,,,https://appapi.himsw.in//content/SComplaint/680548741.jpg,
216,253,4032,QR Code is not working,25-05-2022 10:13:47 AM,COMP/0000000001,CCFW+FJM, Green Valley, Banjara Hills, Hyderabad, Telangana 500034, India,Jalagam Vengal Rao Park,SCTP,QR cord problem
,,,17.423806666666668,78.44652333333333,,,,,APP,24,OPEN,False,81201254_SureshG,,,,17856:57,/content/SComplaint/,,,,,,,https://appapi.himsw.in//content/SComplaint/427473419.jpg,
217,253,4031,QR Code is not working,25-05-2022 06:18:16 AM,COMP/0000000001,Jiyaguda Transfer Station (Circle 13, Khairtabad Zone, Dariya Bagh, Ziaguda Kamela, Hyderabad, Telangana 500264, India,Ziyaguda,TS,TSC-19 THIS CONTAINER IS NOT SCANNED ,,,17.366487267427146,78.44452975317836,,,,,APP,24,OPEN,False,81215028_Ayyaswamulu,,,,17860:52,/content/SComplaint/,,,,,,,https://appapi.himsw.in//content/SComplaint/296691908.jpeg,
218,253,4030,QR Code is not working,24-05-2022 09:25:48 PM,COMP/0000000001,13-4-561/30/1, Dariya Bagh, Ziaguda Kamela, Hyderabad, Telangana 500006, India,Ziyaguda,TS,QR code not available on hook loader vehicle,,,17.365918371508787,78.44446399303602,,,,,APP,24,OPEN,False,81215028_Ayyaswamulu,,,,17869:45,/content/SComplaint/,,,,,,,https://appapi.himsw.in//content/SComplaint/348869207.jpeg,
219,253,4029,QR Code Damaged,24-05-2022 06:47:10 PM,COMP/0000000001,Jiyaguda Transfer Station (Circle 13, Khairtabad Zone, Dariya Bagh, Ziaguda Kamela, Hyderabad, Telangana 500264, India,Ziyaguda,TS,PPC 20-42 qr code not available ,,,17.366623511464866,78.44462395930087,,,,,APP,24,OPEN,False,81215028_Ayyaswamulu,,,,17872:23,/content/SComplaint/,,,,,,,https://appapi.himsw.in//content/SComplaint/830469604.jpeg,
220,253,4028,QR Code Damaged,24-05-2022 03:43:28 PM,COMP/0000000001,Jiyaguda Transfer Station (Circle 13, Khairtabad Zone, Dariya Bagh, Ziaguda Kamela, Hyderabad, Telangana 500264, India,Ziyaguda,TS,TS08UJ4242 vechile having No QR code it have TSC-2 Container it is going to processing facility,,,17.36677037,78.44435785,,,,,APP,24,OPEN,False,81215028_Ayyaswamulu,,,,17875:27,/content/SComplaint/,,,,,,,https://appapi.himsw.in//content/SComplaint/808693898.jpeg,
221,253,4027,QR Code is not working,24-05-2022 03:14:32 PM,COMP/0000000001,Jiyaguda Transfer Station (Circle 13, Khairtabad Zone, Dariya Bagh, Ziaguda Kamela, Hyderabad, Telangana 500264, India,Ziyaguda,TS,Hook loader having No QR code
TS08UJ 4242,,,17.36652815,78.44440318,,,,,APP,24,OPEN,False,81215028_Ayyaswamulu,,,,17875:56,/content/SComplaint/,,,,,,,https://appapi.himsw.in//content/SComplaint/072692623.jpeg,
222,253,4026,QR Code is not working,24-05-2022 02:38:57 PM,COMP/0000000001,Jiyaguda Transfer Station (Circle 13, Khairtabad Zone, Dariya Bagh, Ziaguda Kamela, Hyderabad, Telangana 500264, India,Ziyaguda,TS,Scan the QR code of RCV it shows like This RCV is not ready for collection.Not reached at processing facility
RCV : TS08UJ3427,,,17.3664294,78.4445573,,,,,APP,24,OPEN,False,81215028_Ayyaswamulu,,,,17876:32,/content/SComplaint/,,,,,,,https://appapi.himsw.in//content/SComplaint/937962719.jpg,
223,253,4025,QR Code is not working,24-05-2022 08:00:10 AM,COMP/0000000001,Jiyaguda Transfer Station (Circle 13, Khairtabad Zone, Dariya Bagh, Ziaguda Kamela, Hyderabad, Telangana 500264, India,Ziyaguda,TS,TSC-,25,37,65,47,70,44 this is not scaned ,,,17.36656169872731,78.44447510316968,,,,,APP,24,OPEN,False,81215028_Ayyaswamulu,,,,17883:10,/content/SComplaint/,,,,,,,https://appapi.himsw.in//content/SComplaint/010906457.jpeg,
224,253,4024,QR Code is not working,23-05-2022 06:34:02 AM,COMP/0000000001,13-4-561/30/1, Dariya Bagh, Ziaguda Kamela, Hyderabad, Telangana 500006, India,Ziyaguda,TS,TSC27,61,37,7,62,70,10,1'28 .THIS CONTAINERS ARE NOT ADDED.,,,17.366420296020806,78.44455196522176,,,,,APP,24,OPEN,False,81215028_Ayyaswamulu,,,,17908:36,/content/SComplaint/,,,,,,,https://appapi.himsw.in//content/SComplaint/442522789.jpeg,
225,253,4023,QR Code is not working,22-05-2022 12:04:21 PM,COMP/0000000001,Jiyaguda Transfer Station (Circle 13, Khairtabad Zone, Dariya Bagh, Ziaguda Kamela, Hyderabad, Telangana 500264, India,Ziyaguda,TS,TSC-23, TSC-25,TSC-28,TSC-19 these Containers QR Codes are not Scanned Properly,,,17.36672194,78.4443154,,,,,APP,24,OPEN,False,81215028_Ayyaswamulu,,,,17927:06,/content/SComplaint/,,,,,,,https://appapi.himsw.in//content/SComplaint/861941128.jpeg,
226,253,4022,QR Code is not working,22-05-2022 11:24:57 AM,COMP/0000000001,13-4-561/30/1, Dariya Bagh, Ziaguda Kamela, Hyderabad, Telangana 500006, India,Ziyaguda,TS,Some QR code are showing wrong nos  ,,,17.36630166666667,78.44467833333333,,,,,APP,24,OPEN,False,81215028_Ayyaswamulu,,,,17927:46,/content/SComplaint/,,,,,,,https://appapi.himsw.in//content/SComplaint/497578273.jpeg,
227,253,4021,QR Code is not working,22-05-2022 07:39:35 AM,COMP/0000000001,13-4-561/30/1, Dariya Bagh, Ziaguda Kamela, Hyderabad, Telangana 500006, India,Ziyaguda,TS,TSC-61,TSC-62,TSC-27 CONTAINERS NOT ADDED AT ZIYAGUDA TS.,,,17.36636966932565,78.4443615283817,,,,,APP,24,OPEN,False,81215028_Ayyaswamulu,,,,17931:31,/content/SComplaint/,,,,,,,https://appapi.himsw.in//content/SComplaint/975489702.jpeg,
228,253,4020,QR Code is not working,21-05-2022 03:23:54 PM,COMP/0000000001,Jiyaguda Transfer Station (Circle 13, Khairtabad Zone, Dariya Bagh, Ziaguda Kamela, Hyderabad, Telangana 500264, India,Ziyaguda,TS,Existing QR Code is not working for this app,,,17.36668045,78.44429115,,,,,APP,24,OPEN,False,81215028_Ayyaswamulu,,,,17947:47,/content/SComplaint/,,,,,,,https://appapi.himsw.in//content/SComplaint/434494216.jpeg,
229,253,4019,QR Code is not working,21-05-2022 02:00:00 PM,COMP/0000000001,13-4-561/30/1, Dariya Bagh, Ziaguda Kamela, Hyderabad, Telangana 500006, India,Ziyaguda,TS,QR code r not working properly ,,,17.366353333333333,78.44470666666666,,,,,APP,24,OPEN,False,81215028_Ayyaswamulu,,,,17949:10,/content/SComplaint/,,,,,,,https://appapi.himsw.in//content/SComplaint/400757214.jpg,
230,253,4018,QR Code Damaged,21-05-2022 01:06:42 PM,COMP/0000000001,FF53+JV6, Pipe Line Rd, Shobana Colony, Hyderabad, Telangana 500042, India,FATHE NAGAR ,SCTP,No qr code,,,17.458996666666668,78.45486166666666,,,,,APP,24,OPEN,False,81201461_RajuCH,,,,17950:04,/content/SComplaint/,,,,,,,https://appapi.himsw.in//content/SComplaint/202712538.jpeg,
231,253,4017,QR Code Damaged,21-05-2022 12:09:19 PM,COMP/0000000001,13-4-561/30/1, Dariya Bagh, Ziaguda Kamela, Hyderabad, Telangana 500006, India,Ziyaguda,TS,TSC-62 container QR code not available. ,,,17.3664012,78.4446509,,,,,APP,24,OPEN,False,81215028_Ayyaswamulu,,,,17951:01,/content/SComplaint/,,,,,,,https://appapi.himsw.in//content/SComplaint/759321969.jpeg,
232,253,4016,De-Link HookLoader Breakdown,21-05-2022 11:57:37 AM,COMP/0000000001,Jiyaguda Transfer Station (Circle 13, Khairtabad Zone, Dariya Bagh, Ziaguda Kamela, Hyderabad, Telangana 500264, India,Ziyaguda,TS,TS08UJ7935 - hookloadr break down, sending to showroom,,,17.36660371496472,78.4441189731878,,,,,APP,24,OPEN,False,81215028_Ayyaswamulu,,,,17951:13,/content/SComplaint/,,,,,,,https://appapi.himsw.in//content/SComplaint/057656354.jpeg,
233,253,4015,QR Code Damaged,21-05-2022 11:33:49 AM,COMP/0000000001,FF53+JV6, Pipe Line Rd, Shobana Colony, Hyderabad, Telangana 500042, India,FATHE NAGAR ,SCTP,No qr code,,,17.459046666666666,78.45467166666667,,,,,APP,24,OPEN,False,81201461_RajuCH,,,,17951:37,/content/SComplaint/,,,,,,,https://appapi.himsw.in//content/SComplaint/629582171.jpeg,
234,253,4014,QR Code Damaged,21-05-2022 10:51:12 AM,COMP/0000000001,FF53+JV6, Pipe Line Rd, Shobana Colony, Hyderabad, Telangana 500042, India,FATHE NAGAR ,SCTP,No qr code,,,17.45904833333333,78.45475,,,,,APP,24,OPEN,False,81201461_RajuCH,,,,17952:19,/content/SComplaint/,,,,,,,https://appapi.himsw.in//content/SComplaint/072696363.jpeg,
235,253,4013,QR Code Damaged,21-05-2022 10:24:55 AM,COMP/0000000001,FF53+JV6, Pipe Line Rd, Shobana Colony, Hyderabad, Telangana 500042, India,FATHE NAGAR ,SCTP,No qr code,,,17.45898833333333,78.45472,,,,,APP,24,OPEN,False,81201461_RajuCH,,,,17952:46,/content/SComplaint/,,,,,,,https://appapi.himsw.in//content/SComplaint/495883615.jpeg,
236,253,4012,QR Code Damaged,21-05-2022 10:21:18 AM,COMP/0000000001,FF53+JV6, Pipe Line Rd, Shobana Colony, Hyderabad, Telangana 500042, India,FATHE NAGAR ,SCTP,No qr code,,,17.459076666666665,78.45469833333333,,,,,APP,24,OPEN,False,81201461_RajuCH,,,,17952:49,/content/SComplaint/,,,,,,,https://appapi.himsw.in//content/SComplaint/278127599.jpeg,
237,253,4011,QR Code Damaged,21-05-2022 09:50:08 AM,COMP/0000000001,FF53+JV6, Pipe Line Rd, Shobana Colony, Hyderabad, Telangana 500042, India,FATHE NAGAR ,SCTP,No qr code,,,17.459056666666665,78.45466666666667,,,,,APP,24,OPEN,False,81201461_RajuCH,,,,17953:20,/content/SComplaint/,,,,,,,https://appapi.himsw.in//content/SComplaint/408761632.jpeg,
238,253,4010,QR Code is not working,21-05-2022 09:30:15 AM,COMP/0000000001,FF53+JV6, Pipe Line Rd, Shobana Colony, Hyderabad, Telangana 500042, India,FATHE NAGAR ,SCTP,No qr code,,,17.459055,78.45471833333333,,,,,APP,24,OPEN,False,81201461_RajuCH,,,,17953:40,/content/SComplaint/,,,,,,,https://appapi.himsw.in//content/SComplaint/215698489.jpeg,
239,253,4009,QR Code Damaged,10-05-2022 04:12:21 PM,COMP/0000000001,Ground Floor, RVR Towers, 6/3/1089/F, Raj Bhavan Rd, Somajiguda, Hyderabad, Telangana 500082, India,,,Dgdg
,,,17.42275,78.46089166666667,,17.42275,78.46089166666667,lkkj,APP,24,CLOSED,True,admin@gmail.com,admin@gmail.com,ll,10-05-2022 04:13:26 PM,0:01,/content/SComplaint/,,,,,,,https://appapi.himsw.in//content/SComplaint/941533763.jpeg,
240,253,4008,QR Code is not working,15-04-2022 10:27:14 AM,COMP/0000000001,5X35+6V7, Rasoolpur, Rajasthan 333515, India,Sanjeeviah Park,TS,Testing,,,28.15301599,75.95995418,,,,,APP,24,OPEN,False,TS-43,,,,18816:43,/content/SComplaint/,,,,,,,https://appapi.himsw.in//content/SComplaint/234837191.jpg,
241,253,4007,QR Code Damaged,17-02-2022 04:47:15 PM,COMP/0000000001,CFMM+7RJ, Patigadda, Begumpet, Hyderabad, Telangana 500003, India,Sanjeeviah Park,TS,Reports could not find,,,17.433206666666667,78.484345,,,,,APP,24,OPEN,False,ts-43,,,,20178:23,/content/SComplaint/,,,,,,,https://appapi.himsw.in//content/SComplaint/235924415.jpeg,
242,253,3007,QR Code is not working,04-02-2022 11:41:35 AM,COMP/0000000001,RGQ2+JQ7, Shivaji Colony, Tilakwadi, Belagavi, Karnataka 590006, India,KHAITALLAPUR,TS,Testing,,,15.83904048,74.50195308,,,,,APP,24,OPEN,False,admin@gmail.com,,,,20495:29,/content/SComplaint/,,,,,,,https://appapi.himsw.in//content/SComplaint/695007147.jpeg,
243,253,2009,QR Code is not working,01-02-2022 05:10:06 PM,COMP/0000000001,RGR2+2FV, Shivaji Colony, Tilakwadi, Belagavi, Karnataka 590006, India,FATHE NAGAR ,SCTP,Testing,,,15.83995993,74.50099761,,,,,APP,24,OPEN,False,TS-43,,,,20562:00,/content/SComplaint/,,,,,,,https://appapi.himsw.in//content/SComplaint/206556505.jpeg,
244,253,2008,QR Code is not working,01-02-2022 05:04:30 PM,COMP/0000000001,RGR2+2FV, Shivaji Colony, Tilakwadi, Belagavi, Karnataka 590006, India,FATHE NAGAR ,SCTP,Testing,,,15.83995993,74.50099761,,,,,APP,24,OPEN,False,TS-43,,,,20562:06,/content/SComplaint/,,,,,,,https://appapi.himsw.in//content/SComplaint/870076852.jpg,
245,253,2007,QR Code is not working,01-02-2022 04:59:48 PM,COMP/0000000001,GC75+CMP Blossom County, Sector 90, Kulesara, Uttar Pradesh 201305, India,KHAITALLAPUR,TS,Testing,,,28.51328837,77.40944352,,,,,APP,24,OPEN,False,admin@gmail.com,,,,20562:11,/content/SComplaint/,,,,,,,https://appapi.himsw.in//content/SComplaint/588487431.jpeg,
246,253,1007,QR Code is not working,13-01-2022 04:54:20 PM,COMP/0000000001,240, Road, Block B, Loha Mandi, Bulandshahr Road Industrial Area, Ghaziabad, Uttar Pradesh 201001, India,KHAITALLAPUR,TS,5dbcdg,,,28.65409034,77.46251511,240, Road, Block B, Loha Mandi, Bulandshahr Road Industrial Area, Ghaziabad, Uttar Pradesh 201001, India,28.65409034,77.46251511,240, Road, Block B, Loha Mandi, Bulandshahr Road Industrial Area, Ghaziabad, Uttar Pradesh 201001, India,APP,24,CLOSED,True,admin@gmail.com,admin@gmail.com,close,16-03-2022 11:32:26 AM,1482:38,/content/SComplaint/,,,,,,,https://appapi.himsw.in//content/SComplaint/660387926.jpeg,
247,253,7,QR Code is not working,04-01-2022 03:06:00 PM,COMP/0000000001,Advant Navis Business Park Tower-A2, Sector 142, Noida, Uttar Pradesh 201305, India,KHAITALLAPUR,TS,Testing,,,28.50081395,77.41110439,Advant Navis Business Park Tower-A2, Sector 142, Noida, Uttar Pradesh 201305, India,,,,APP,24,OPEN,False,TSUSER,,,,21236:04,/content/SComplaint/,,,,,,,https://appapi.himsw.in//content/SComplaint/560613722.jpeg,
248,253,6,QR Code is not working,30-12-2021 12:58:28 PM,COMP/0000000001,GPO Ln, Palayam, Thiruvananthapuram, Kerala 695001, India,KHAITALLAPUR,TS,TS01BU1234,,,8.4974324,76.9474101,GPO Ln, Palayam, Thiruvananthapuram, Kerala 695001, India,8.4974324,76.9474101,GPO Ln, Palayam, Thiruvananthapuram, Kerala 695001, India,APP,24,CLOSED,True,TSUSER,admin@gmail.com,Completed,30-12-2021 12:59:20 PM,0:01,/content/SComplaint/,,,,,,,https://appapi.himsw.in//content/SComplaint/908114573.jpeg,https://appapi.himsw.in//content/SComplaint/960197197.png
249,253,5,QR Code is not working,29-12-2021 07:30:32 PM,COMP/0000000001,FWXW+GGP, Palayam, Thiruvananthapuram, Kerala 695035, India,KHAITALLAPUR,TS,QR Code not working,,,8.49870528,76.94636908,FWXW+GGP, Palayam, Thiruvananthapuram, Kerala 695035, India,,,,APP,24,OPEN,False,admin@gmail.com,,,,21375:40,/content/SComplaint/,,,,,,,https://appapi.himsw.in//content/SComplaint/032826539.jpeg,
250,253,4,QR Code is not working,29-12-2021 04:36:13 PM,COMP/0000000001,Rasulpur,KHAITALLAPUR,TS,Testing Bablu,,,28.0869399,77.4006229,Rasulpur, Haryana 121102, India,28.0869399,77.4006229,Rasulpur, Haryana 121102, India,APP,24,CLOSED,True,admin@gmail.com,admin@gmail.com,Done,29-12-2021 05:22:32 PM,0:46,/content/SComplaint/,,,,,,,https://appapi.himsw.in//content/SComplaint/573060061.jpeg,https://appapi.himsw.in//content/SComplaint/397252754.jpg
251,253,3,QR Code is not working,29-12-2021 04:31:17 PM,COMP/0000000001,Test1,KHAITALLAPUR,TS,Not Working,,,0.0,0.0,Test,,,,APP,24,OPEN,False,admin@gmail.com,,,,21378:39,/content/SComplaint/,,,,,,,https://appapi.himsw.in//content/SComplaint/277039312.png,
252,253,2,QR Code is not working,29-12-2021 03:19:59 PM,COMP/0000000001,Test,KHAITALLAPUR,TS,Not Working,,,0.0,0.0,Test,,,,APP,24,OPEN,False,admin@gmail.com,,,,21379:51,/content/SComplaint/,,,,,,,,
253,253,1,QR Code is not working,29-12-2021 02:46:23 PM,COMP/0000000001,Test,KHAITALLAPUR,TS,Not Working,,,0.0,0.0,Test,,,,APP,24,OPEN,False,admin@gmail.com,,,,21380:24,/content/SComplaint/,,,,,,,https://appapi.himsw.in//content/SComplaint/983681634.jpg,
